/home/runner/work/MayaFlux/MayaFlux/src/MayaFlux/API/Proxy/Temporal.hpp:153: warning: reached end of file while inside a '```' block!
The command that should end the block seems to be missing!
/home/runner/work/MayaFlux/MayaFlux/src/MayaFlux/Yantra/Analyzers/StatisticalAnalyzer.hpp:11: warning: the name 'StatisticalAnalyzer_new.hpp' supplied as the argument in the \file statement is not an input file
/home/runner/work/MayaFlux/MayaFlux/src/MayaFlux/Kriya/BufferOperation.hpp:109: warning: the name 'intro' supplied as the argument of the \class, \struct, \union, or \include command is not an input file
/home/runner/work/MayaFlux/MayaFlux/src/MayaFlux/Core/Backends/Graphics/Vulkan/VKShaderModule.hpp:13: warning: Documentation for undefined enum 'ShaderType' found.
/home/runner/work/MayaFlux/MayaFlux/src/MayaFlux/Core/GlobalGraphicsInfo.hpp:336: warning: Documentation for undefined enum 'VisualApi' found.
/home/runner/work/MayaFlux/MayaFlux/src/MayaFlux/Journal/JournalEntry.hpp:18: warning: Documentation for undefined enum 'Log' found.
/home/runner/work/MayaFlux/MayaFlux/src/MayaFlux/Journal/JournalEntry.hpp:32: warning: Documentation for undefined enum 'Namespace' found.
/home/runner/work/MayaFlux/MayaFlux/src/MayaFlux/Nodes/NodeSpec.hpp:18: warning: Documentation for undefined enum 'NodeMixSemantics' found.
/home/runner/work/MayaFlux/MayaFlux/src/MayaFlux/Buffers/Managers/BufferProcessingControl.cpp:319: warning: no matching class member found for 
  void MayaFlux::Buffers::BufferProcessingControl::add_graphics_processor(const std::shared_ptr< MayaFlux::Buffers::BufferProcessor > &processor, const std::shared_ptr< MayaFlux::Buffers::Buffer > &buffer, ProcessingToken token)
Possible candidates:
  'void MayaFlux::Buffers::BufferProcessingControl::add_graphics_processor(const std::shared_ptr< BufferProcessor > &processor, ProcessingToken token)' at line 275 of file /home/runner/work/MayaFlux/MayaFlux/src/MayaFlux/Buffers/Managers/BufferProcessingControl.hpp
  'void MayaFlux::Buffers::BufferProcessingControl::add_graphics_processor(const std::shared_ptr< BufferProcessor > &processor, const std::shared_ptr< class Buffer > &buffer, ProcessingToken token)' at line 285 of file /home/runner/work/MayaFlux/MayaFlux/src/MayaFlux/Buffers/Managers/BufferProcessingControl.hpp
/home/runner/work/MayaFlux/MayaFlux/src/MayaFlux/Kakshya/Source/TextureContainer.cpp:183: warning: no matching class member found for 
  MayaFlux::Kakshya::TextureContainer::TextureContainer(uint32_t width, uint32_t height, ImageFormat format, uint32_t layers)
Possible candidates:
  'MayaFlux::Kakshya::TextureContainer::TextureContainer(uint32_t width, uint32_t height, Portal::Graphics::ImageFormat format, uint32_t layers=1)' at line 52 of file /home/runner/work/MayaFlux/MayaFlux/src/MayaFlux/Kakshya/Source/TextureContainer.hpp
  'MayaFlux::Kakshya::TextureContainer::TextureContainer(const std::shared_ptr< Core::VKImage > &image, Portal::Graphics::ImageFormat format)' at line 62 of file /home/runner/work/MayaFlux/MayaFlux/src/MayaFlux/Kakshya/Source/TextureContainer.hpp
  'MayaFlux::Kakshya::TextureContainer::TextureContainer(const TextureContainer &)=delete' at line 68 of file /home/runner/work/MayaFlux/MayaFlux/src/MayaFlux/Kakshya/Source/TextureContainer.hpp
  'MayaFlux::Kakshya::TextureContainer::TextureContainer(TextureContainer &&)=delete' at line 70 of file /home/runner/work/MayaFlux/MayaFlux/src/MayaFlux/Kakshya/Source/TextureContainer.hpp
/home/runner/work/MayaFlux/MayaFlux/src/MayaFlux/Kakshya/Source/TextureContainer.cpp:213: warning: no matching class member found for 
  MayaFlux::Kakshya::TextureContainer::TextureContainer(const std::shared_ptr< Core::VKImage > &image, ImageFormat format)
Possible candidates:
  'MayaFlux::Kakshya::TextureContainer::TextureContainer(uint32_t width, uint32_t height, Portal::Graphics::ImageFormat format, uint32_t layers=1)' at line 52 of file /home/runner/work/MayaFlux/MayaFlux/src/MayaFlux/Kakshya/Source/TextureContainer.hpp
  'MayaFlux::Kakshya::TextureContainer::TextureContainer(const std::shared_ptr< Core::VKImage > &image, Portal::Graphics::ImageFormat format)' at line 62 of file /home/runner/work/MayaFlux/MayaFlux/src/MayaFlux/Kakshya/Source/TextureContainer.hpp
  'MayaFlux::Kakshya::TextureContainer::TextureContainer(const TextureContainer &)=delete' at line 68 of file /home/runner/work/MayaFlux/MayaFlux/src/MayaFlux/Kakshya/Source/TextureContainer.hpp
  'MayaFlux::Kakshya::TextureContainer::TextureContainer(TextureContainer &&)=delete' at line 70 of file /home/runner/work/MayaFlux/MayaFlux/src/MayaFlux/Kakshya/Source/TextureContainer.hpp
/home/runner/work/MayaFlux/MayaFlux/src/MayaFlux/Portal/Forma/Bridge.hpp:516: warning: Unsupported xml/html tag <double> found
/home/runner/work/MayaFlux/MayaFlux/src/MayaFlux/Core/ProcessingArchitecture.hpp:116: warning: Found unknown command '@brienf'
/home/runner/work/MayaFlux/MayaFlux/src/MayaFlux/API/Graph.hpp:196: warning: Found unknown command '@breif'
/home/runner/work/MayaFlux/MayaFlux/src/MayaFlux/API/Graph.hpp:179: warning: Found unknown command '@breif'
/home/runner/work/MayaFlux/MayaFlux/src/MayaFlux/API/Graph.hpp:88: warning: Found unknown command '@breif'
/home/runner/work/MayaFlux/MayaFlux/src/MayaFlux/API/Graph.hpp:71: warning: Found unknown command '@breif'
/home/runner/work/MayaFlux/MayaFlux/src/MayaFlux/Portal/Graphics/ShaderUtils.hpp:92: warning: explicit link request to 'include' could not be resolved
/home/runner/work/MayaFlux/MayaFlux/src/Host/Live/Runtime.hpp:51: warning: explicit link request to 'include' could not be resolved
/home/runner/work/MayaFlux/MayaFlux/src/Host/Live/Runtime.hpp:51: warning: explicit link request to 'include' could not be resolved
/home/runner/work/MayaFlux/MayaFlux/src/lila_server.cpp:18: warning: Unsupported xml/html tag <port> found
/home/runner/work/MayaFlux/MayaFlux/src/lila_server.cpp:20: warning: Unsupported xml/html tag <level> found
/home/runner/work/MayaFlux/MayaFlux/src/MayaFlux/API/Core.hpp:93: warning: argument 'graphics_info' of command @param is not found in the argument list of MayaFlux::Init(Core::GlobalStreamInfo stream_info, Core::GlobalGraphicsConfig graphics_config, Core::GlobalInputConfig input_config, Core::GlobalNetworkConfig network_config)
/home/runner/work/MayaFlux/MayaFlux/src/MayaFlux/API/Core.hpp:93: warning: The following parameter of MayaFlux::Init(Core::GlobalStreamInfo stream_info, Core::GlobalGraphicsConfig graphics_config, Core::GlobalInputConfig input_config, Core::GlobalNetworkConfig network_config) is not documented:
  parameter 'graphics_config'
/home/runner/work/MayaFlux/MayaFlux/src/MayaFlux/API/Core.hpp:93: warning: argument 'graphics_info' of command @param is not found in the argument list of MayaFlux::Init(Core::GlobalStreamInfo stream_info, Core::GlobalGraphicsConfig graphics_config, Core::GlobalInputConfig input_config, Core::GlobalNetworkConfig network_config)
/home/runner/work/MayaFlux/MayaFlux/src/MayaFlux/API/Core.hpp:93: warning: The following parameter of MayaFlux::Init(Core::GlobalStreamInfo stream_info, Core::GlobalGraphicsConfig graphics_config, Core::GlobalInputConfig input_config, Core::GlobalNetworkConfig network_config) is not documented:
  parameter 'graphics_config'
/home/runner/work/MayaFlux/MayaFlux/src/MayaFlux/API/Graph.hpp:179: warning: Found unknown command '@breif'
/home/runner/work/MayaFlux/MayaFlux/src/MayaFlux/API/Graph.hpp:196: warning: Found unknown command '@breif'
/home/runner/work/MayaFlux/MayaFlux/src/MayaFlux/API/Graph.hpp:71: warning: Found unknown command '@breif'
/home/runner/work/MayaFlux/MayaFlux/src/MayaFlux/API/Graph.hpp:88: warning: Found unknown command '@breif'
/home/runner/work/MayaFlux/MayaFlux/src/MayaFlux/API/Graph.hpp:244: warning: The following parameter of MayaFlux::add_processor(const std::shared_ptr< Buffers::BufferProcessor > &processor, const std::shared_ptr< Buffers::Buffer > &buffer, Buffers::ProcessingToken token=Buffers::ProcessingToken::AUDIO_BACKEND) is not documented:
  parameter 'token'
/home/runner/work/MayaFlux/MayaFlux/src/MayaFlux/API/Graph.hpp:348: warning: The following parameter of MayaFlux::register_graphics_buffer(const std::shared_ptr< Buffers::VKBuffer > &buffer, Buffers::ProcessingToken token=Buffers::ProcessingToken::GRAPHICS_BACKEND) is not documented:
  parameter 'token'
/home/runner/work/MayaFlux/MayaFlux/src/MayaFlux/API/Graph.hpp:162: warning: The following parameter of MayaFlux::register_node_network(const std::shared_ptr< Nodes::Network::NodeNetwork > &network, const Nodes::ProcessingToken &token=Nodes::ProcessingToken::AUDIO_RATE) is not documented:
  parameter 'token'
/home/runner/work/MayaFlux/MayaFlux/src/MayaFlux/API/Graph.hpp:560: warning: argument 'channels' of command @param is not found in the argument list of MayaFlux::remove_supplied_buffer_from_channel(const std::shared_ptr< Buffers::AudioBuffer > &buffer, const uint32_t channel)
/home/runner/work/MayaFlux/MayaFlux/src/MayaFlux/API/Graph.hpp:560: warning: The following parameter of MayaFlux::remove_supplied_buffer_from_channel(const std::shared_ptr< Buffers::AudioBuffer > &buffer, const uint32_t channel) is not documented:
  parameter 'channel'
/home/runner/work/MayaFlux/MayaFlux/src/MayaFlux/API/Graph.hpp:179: warning: Found unknown command '@breif'
/home/runner/work/MayaFlux/MayaFlux/src/MayaFlux/API/Graph.hpp:196: warning: Found unknown command '@breif'
/home/runner/work/MayaFlux/MayaFlux/src/MayaFlux/API/Graph.hpp:71: warning: Found unknown command '@breif'
/home/runner/work/MayaFlux/MayaFlux/src/MayaFlux/API/Graph.hpp:88: warning: Found unknown command '@breif'
/home/runner/work/MayaFlux/MayaFlux/src/MayaFlux/API/Graph.hpp:116: warning: argument 'channels' of command @param is not found in the argument list of MayaFlux::unregister_node(const std::shared_ptr< Nodes::Node > &node, const Nodes::ProcessingToken &token, uint32_t channel=0)
/home/runner/work/MayaFlux/MayaFlux/src/MayaFlux/API/Graph.hpp:116: warning: The following parameters of MayaFlux::unregister_node(const std::shared_ptr< Nodes::Node > &node, const Nodes::ProcessingToken &token, uint32_t channel=0) are not documented:
  parameter 'token'
  parameter 'channel'
/home/runner/work/MayaFlux/MayaFlux/src/MayaFlux/API/Graph.hpp:171: warning: The following parameter of MayaFlux::unregister_node_network(const std::shared_ptr< Nodes::Network::NodeNetwork > &network, const Nodes::ProcessingToken &token=Nodes::ProcessingToken::AUDIO_RATE) is not documented:
  parameter 'token'
/home/runner/work/MayaFlux/MayaFlux/src/MayaFlux/API/Graph.hpp:179: warning: Found unknown command '@breif'
/home/runner/work/MayaFlux/MayaFlux/src/MayaFlux/API/Graph.hpp:196: warning: Found unknown command '@breif'
/home/runner/work/MayaFlux/MayaFlux/src/MayaFlux/API/Graph.hpp:71: warning: Found unknown command '@breif'
/home/runner/work/MayaFlux/MayaFlux/src/MayaFlux/API/Graph.hpp:88: warning: Found unknown command '@breif'
/home/runner/work/MayaFlux/MayaFlux/src/MayaFlux/API/Graph.hpp:244: warning: The following parameter of MayaFlux::add_processor(const std::shared_ptr< Buffers::BufferProcessor > &processor, const std::shared_ptr< Buffers::Buffer > &buffer, Buffers::ProcessingToken token=Buffers::ProcessingToken::AUDIO_BACKEND) is not documented:
  parameter 'token'
/home/runner/work/MayaFlux/MayaFlux/src/MayaFlux/API/Graph.hpp:332: warning: The following parameter of MayaFlux::create_buffer(uint32_t channel, uint32_t buffer_size, Args &&... args) -> std::shared_ptr< BufferType > is not documented:
  parameter 'args'
/home/runner/work/MayaFlux/MayaFlux/src/MayaFlux/API/Graph.hpp:348: warning: The following parameter of MayaFlux::register_graphics_buffer(const std::shared_ptr< Buffers::VKBuffer > &buffer, Buffers::ProcessingToken token=Buffers::ProcessingToken::GRAPHICS_BACKEND) is not documented:
  parameter 'token'
/home/runner/work/MayaFlux/MayaFlux/src/MayaFlux/API/Graph.hpp:162: warning: The following parameter of MayaFlux::register_node_network(const std::shared_ptr< Nodes::Network::NodeNetwork > &network, const Nodes::ProcessingToken &token=Nodes::ProcessingToken::AUDIO_RATE) is not documented:
  parameter 'token'
/home/runner/work/MayaFlux/MayaFlux/src/MayaFlux/API/Graph.hpp:560: warning: argument 'channels' of command @param is not found in the argument list of MayaFlux::remove_supplied_buffer_from_channel(const std::shared_ptr< Buffers::AudioBuffer > &buffer, const uint32_t channel)
/home/runner/work/MayaFlux/MayaFlux/src/MayaFlux/API/Graph.hpp:560: warning: The following parameter of MayaFlux::remove_supplied_buffer_from_channel(const std::shared_ptr< Buffers::AudioBuffer > &buffer, const uint32_t channel) is not documented:
  parameter 'channel'
/home/runner/work/MayaFlux/MayaFlux/src/MayaFlux/API/Graph.hpp:179: warning: Found unknown command '@breif'
/home/runner/work/MayaFlux/MayaFlux/src/MayaFlux/API/Graph.hpp:196: warning: Found unknown command '@breif'
/home/runner/work/MayaFlux/MayaFlux/src/MayaFlux/API/Graph.hpp:71: warning: Found unknown command '@breif'
/home/runner/work/MayaFlux/MayaFlux/src/MayaFlux/API/Graph.hpp:88: warning: Found unknown command '@breif'
/home/runner/work/MayaFlux/MayaFlux/src/MayaFlux/API/Graph.hpp:116: warning: argument 'channels' of command @param is not found in the argument list of MayaFlux::unregister_node(const std::shared_ptr< Nodes::Node > &node, const Nodes::ProcessingToken &token, uint32_t channel=0)
/home/runner/work/MayaFlux/MayaFlux/src/MayaFlux/API/Graph.hpp:116: warning: The following parameters of MayaFlux::unregister_node(const std::shared_ptr< Nodes::Node > &node, const Nodes::ProcessingToken &token, uint32_t channel=0) are not documented:
  parameter 'token'
  parameter 'channel'
/home/runner/work/MayaFlux/MayaFlux/src/MayaFlux/API/Graph.hpp:171: warning: The following parameter of MayaFlux::unregister_node_network(const std::shared_ptr< Nodes::Network::NodeNetwork > &network, const Nodes::ProcessingToken &token=Nodes::ProcessingToken::AUDIO_RATE) is not documented:
  parameter 'token'
/home/runner/work/MayaFlux/MayaFlux/src/MayaFlux/Journal/Archivist.hpp:345: warning: @copybrief or @copydoc target 'error(Component,Context,ExceptionBehavior,std::string_view,std::source_location)' not found
/home/runner/work/MayaFlux/MayaFlux/src/MayaFlux/Journal/Archivist.hpp:345: warning: @copydetails or @copydoc target 'error(Component,Context,ExceptionBehavior,std::string_view,std::source_location)' not found
/home/runner/work/MayaFlux/MayaFlux/src/MayaFlux/Journal/Archivist.hpp:345: warning: The following parameters of MayaFlux::Journal::error(Component component, Context context, std::source_location location, const char *fmt_str, Args &&... args) are not documented:
  parameter 'component'
  parameter 'context'
  parameter 'location'
/home/runner/work/MayaFlux/MayaFlux/src/MayaFlux/Journal/Archivist.hpp:327: warning: The following parameter of MayaFlux::Journal::error(Component component, Context context, std::source_location location, std::string_view message) is not documented:
  parameter 'component'
/home/runner/work/MayaFlux/MayaFlux/src/MayaFlux/Journal/Archivist.hpp:413: warning: @copybrief or @copydoc target 'error_rethrow(Component,Context,std::source_location,std::string_view)' not found
/home/runner/work/MayaFlux/MayaFlux/src/MayaFlux/Journal/Archivist.hpp:413: warning: @copydetails or @copydoc target 'error_rethrow(Component,Context,std::source_location,std::string_view)' not found
/home/runner/work/MayaFlux/MayaFlux/src/MayaFlux/Journal/Archivist.hpp:413: warning: The following parameters of MayaFlux::Journal::error_rethrow(Component component, Context context, std::source_location location, const char *fmt_str, Args &&... args) are not documented:
  parameter 'component'
  parameter 'context'
  parameter 'location'
/home/runner/work/MayaFlux/MayaFlux/src/MayaFlux/Journal/Archivist.hpp:371: warning: argument 'Component' of command @param is not found in the argument list of MayaFlux::Journal::error_rethrow(Component component, Context context, std::source_location location=std::source_location::current(), std::string_view additional_context="")
/home/runner/work/MayaFlux/MayaFlux/src/MayaFlux/Journal/Archivist.hpp:371: warning: argument 'Context' of command @param is not found in the argument list of MayaFlux::Journal::error_rethrow(Component component, Context context, std::source_location location=std::source_location::current(), std::string_view additional_context="")
/home/runner/work/MayaFlux/MayaFlux/src/MayaFlux/Journal/Archivist.hpp:371: warning: The following parameters of MayaFlux::Journal::error_rethrow(Component component, Context context, std::source_location location=std::source_location::current(), std::string_view additional_context="") are not documented:
  parameter 'component'
  parameter 'context'
/home/runner/work/MayaFlux/MayaFlux/src/MayaFlux/Journal/Archivist.hpp:308: warning: @copybrief or @copydoc target 'fatal(Component,Context,std::string_view,std::source_location)' not found
/home/runner/work/MayaFlux/MayaFlux/src/MayaFlux/Journal/Archivist.hpp:308: warning: @copydetails or @copydoc target 'fatal(Component,Context,std::string_view,std::source_location)' not found
/home/runner/work/MayaFlux/MayaFlux/src/MayaFlux/Journal/Archivist.hpp:308: warning: The following parameters of MayaFlux::Journal::fatal(Component component, Context context, std::source_location location, std::format_string< Args... > fmt_str, Args &&... args) are not documented:
  parameter 'component'
  parameter 'context'
  parameter 'location'
/home/runner/work/MayaFlux/MayaFlux/src/MayaFlux/Journal/Archivist.hpp:278: warning: @copybrief or @copydoc target 'format_print(std::string_view)' not found
/home/runner/work/MayaFlux/MayaFlux/src/MayaFlux/Journal/Archivist.hpp:278: warning: @copydetails or @copydoc target 'format_print(std::string_view)' not found
/home/runner/work/MayaFlux/MayaFlux/src/MayaFlux/Journal/Archivist.hpp:264: warning: @copybrief or @copydoc target 'format_print(std::string_view)' not found
/home/runner/work/MayaFlux/MayaFlux/src/MayaFlux/Journal/Archivist.hpp:264: warning: @copydetails or @copydoc target 'format_print(std::string_view)' not found
/home/runner/work/MayaFlux/MayaFlux/src/MayaFlux/Journal/Archivist.hpp:264: warning: argument 'msg_or_fmt' of command @param is not found in the argument list of MayaFlux::Journal::format_print(std::format_string< std::remove_cvref_t< Args >... > fmt_str, Args &&... args)
/home/runner/work/MayaFlux/MayaFlux/src/MayaFlux/Journal/Archivist.hpp:264: warning: The following parameter of MayaFlux::Journal::format_print(std::format_string< std::remove_cvref_t< Args >... > fmt_str, Args &&... args) is not documented:
  parameter 'fmt_str'
/home/runner/work/MayaFlux/MayaFlux/src/MayaFlux/Journal/Archivist.hpp:229: warning: @copybrief or @copydoc target 'log(Component,Context,std::string_view)' not found
/home/runner/work/MayaFlux/MayaFlux/src/MayaFlux/Journal/Archivist.hpp:229: warning: @copydetails or @copydoc target 'log(Component,Context,std::string_view)' not found
/home/runner/work/MayaFlux/MayaFlux/src/MayaFlux/Journal/Archivist.hpp:229: warning: The following parameters of MayaFlux::Journal::log(Component component, Context context, const char *msg_or_fmt, Args &&... args) are not documented:
  parameter 'component'
  parameter 'context'
/home/runner/work/MayaFlux/MayaFlux/src/MayaFlux/Journal/Archivist.hpp:153: warning: @copybrief or @copydoc target 'scribe(Severity,Component,Context,std::string_view,std::source_location)' not found
/home/runner/work/MayaFlux/MayaFlux/src/MayaFlux/Journal/Archivist.hpp:153: warning: @copydetails or @copydoc target 'scribe(Severity,Component,Context,std::string_view,std::source_location)' not found
/home/runner/work/MayaFlux/MayaFlux/src/MayaFlux/Journal/Archivist.hpp:153: warning: The following parameters of MayaFlux::Journal::scribe(Severity severity, Component component, Context context, std::source_location location, const char *msg_or_fmt, Args &&... args) are not documented:
  parameter 'severity'
  parameter 'component'
  parameter 'context'
  parameter 'location'
/home/runner/work/MayaFlux/MayaFlux/src/MayaFlux/Journal/Archivist.hpp:191: warning: @copybrief or @copydoc target 'scribe_rt(Severity,Component,Context,std::string_view,std::source_location)' not found
/home/runner/work/MayaFlux/MayaFlux/src/MayaFlux/Journal/Archivist.hpp:191: warning: @copydetails or @copydoc target 'scribe_rt(Severity,Component,Context,std::string_view,std::source_location)' not found
/home/runner/work/MayaFlux/MayaFlux/src/MayaFlux/Journal/Archivist.hpp:191: warning: The following parameters of MayaFlux::Journal::scribe_rt(Severity severity, Component component, Context context, std::source_location location, const char *msg_or_fmt, Args &&... args) are not documented:
  parameter 'severity'
  parameter 'component'
  parameter 'context'
  parameter 'location'
/home/runner/work/MayaFlux/MayaFlux/src/MayaFlux/Kakshya/NDData/VertexAccess.hpp:73: warning: argument 'variant' of command @param is not found in the argument list of MayaFlux::Kakshya::as_vertex_access(std::span< const DataVariant > channels, const VertexAccessConfig &config={})
/home/runner/work/MayaFlux/MayaFlux/src/MayaFlux/Kakshya/NDData/VertexAccess.hpp:73: warning: The following parameters of MayaFlux::Kakshya::as_vertex_access(std::span< const DataVariant > channels, const VertexAccessConfig &config={}) are not documented:
  parameter 'channels'
  parameter 'config'
/home/runner/work/MayaFlux/MayaFlux/src/MayaFlux/Kakshya/NDData/VertexAccess.hpp:73: warning: argument 'variant' of command @param is not found in the argument list of MayaFlux::Kakshya::as_vertex_access(std::span< const DataVariant > channels, const VertexAccessConfig &config={})
/home/runner/work/MayaFlux/MayaFlux/src/MayaFlux/Kakshya/NDData/VertexAccess.hpp:73: warning: The following parameters of MayaFlux::Kakshya::as_vertex_access(std::span< const DataVariant > channels, const VertexAccessConfig &config={}) are not documented:
  parameter 'channels'
  parameter 'config'
/home/runner/work/MayaFlux/MayaFlux/src/MayaFlux/Kakshya/NDData/VertexFormats.hpp:218: warning: The following parameter of MayaFlux::Kakshya::to_mesh_vertex(const Vertex &s, glm::vec2 weight_range={ 0.0F, 1.0F }) is not documented:
  parameter 'weight_range'
/home/runner/work/MayaFlux/MayaFlux/src/MayaFlux/Kakshya/Utils/CoordUtils.hpp:76: warning: argument 'loop_start' of command @param is not found in the argument list of MayaFlux::Kakshya::wrap_position_with_loop(const std::vector< uint64_t > &position, const Region &loop_region, bool looping_enabled)
/home/runner/work/MayaFlux/MayaFlux/src/MayaFlux/Kakshya/Utils/CoordUtils.hpp:76: warning: argument 'loop_end' of command @param is not found in the argument list of MayaFlux::Kakshya::wrap_position_with_loop(const std::vector< uint64_t > &position, const Region &loop_region, bool looping_enabled)
/home/runner/work/MayaFlux/MayaFlux/src/MayaFlux/Kakshya/Utils/CoordUtils.hpp:76: warning: The following parameter of MayaFlux::Kakshya::wrap_position_with_loop(const std::vector< uint64_t > &position, const Region &loop_region, bool looping_enabled) is not documented:
  parameter 'loop_region'
/home/runner/work/MayaFlux/MayaFlux/src/MayaFlux/Kakshya/Utils/CoordUtils.hpp:76: warning: argument 'loop_start' of command @param is not found in the argument list of MayaFlux::Kakshya::wrap_position_with_loop(const std::vector< uint64_t > &position, const Region &loop_region, bool looping_enabled)
/home/runner/work/MayaFlux/MayaFlux/src/MayaFlux/Kakshya/Utils/CoordUtils.hpp:76: warning: argument 'loop_end' of command @param is not found in the argument list of MayaFlux::Kakshya::wrap_position_with_loop(const std::vector< uint64_t > &position, const Region &loop_region, bool looping_enabled)
/home/runner/work/MayaFlux/MayaFlux/src/MayaFlux/Kakshya/Utils/CoordUtils.hpp:76: warning: The following parameter of MayaFlux::Kakshya::wrap_position_with_loop(const std::vector< uint64_t > &position, const Region &loop_region, bool looping_enabled) is not documented:
  parameter 'loop_region'
/home/runner/work/MayaFlux/MayaFlux/src/MayaFlux/Kakshya/Utils/DataUtils.hpp:346: warning: argument 'dest' of command @param is not found in the argument list of MayaFlux::Kakshya::convert_data(std::span< From > source, std::vector< To > &storage, ComplexConversionStrategy strategy=ComplexConversionStrategy::MAGNITUDE)
/home/runner/work/MayaFlux/MayaFlux/src/MayaFlux/Kakshya/Utils/DataUtils.hpp:346: warning: The following parameters of MayaFlux::Kakshya::convert_data(std::span< From > source, std::vector< To > &storage, ComplexConversionStrategy strategy=ComplexConversionStrategy::MAGNITUDE) are not documented:
  parameter 'storage'
  parameter 'strategy'
/home/runner/work/MayaFlux/MayaFlux/src/MayaFlux/Kakshya/Utils/DataUtils.hpp:376: warning: The following parameter of MayaFlux::Kakshya::convert_variant(DataVariant &variant, ComplexConversionStrategy strategy=ComplexConversionStrategy::MAGNITUDE) is not documented:
  parameter 'strategy'
/home/runner/work/MayaFlux/MayaFlux/src/MayaFlux/Kakshya/Utils/DataUtils.hpp:437: warning: argument 'variant' of command @param is not found in the argument list of MayaFlux::Kakshya::extract_data(std::span< const From > source, std::vector< To > &destination, ComplexConversionStrategy strategy=ComplexConversionStrategy::MAGNITUDE)
/home/runner/work/MayaFlux/MayaFlux/src/MayaFlux/Kakshya/Utils/DataUtils.hpp:437: warning: The following parameters of MayaFlux::Kakshya::extract_data(std::span< const From > source, std::vector< To > &destination, ComplexConversionStrategy strategy=ComplexConversionStrategy::MAGNITUDE) are not documented:
  parameter 'source'
  parameter 'destination'
  parameter 'strategy'
/home/runner/work/MayaFlux/MayaFlux/src/MayaFlux/Kakshya/Utils/DataUtils.hpp:472: warning: The following parameters of MayaFlux::Kakshya::extract_from_variant(const DataVariant &variant, std::vector< T > &storage, ComplexConversionStrategy strategy=ComplexConversionStrategy::MAGNITUDE) are not documented:
  parameter 'storage'
  parameter 'strategy'
/home/runner/work/MayaFlux/MayaFlux/src/MayaFlux/Kakshya/Utils/RegionUtils.hpp:125: warning: argument 'source_variants' of command @param is not found in the argument list of MayaFlux::Kakshya::extract_region_data(const std::vector< std::span< const T > > &source_data, const Region &region, const std::vector< DataDimension > &dimensions, bool flatten=false)
/home/runner/work/MayaFlux/MayaFlux/src/MayaFlux/Kakshya/Utils/RegionUtils.hpp:125: warning: The following parameter of MayaFlux::Kakshya::extract_region_data(const std::vector< std::span< const T > > &source_data, const Region &region, const std::vector< DataDimension > &dimensions, bool flatten=false) is not documented:
  parameter 'source_data'
/home/runner/work/MayaFlux/MayaFlux/src/MayaFlux/Kinesis/Discrete/Analysis.hpp:313: warning: The following parameters of MayaFlux::Kinesis::Discrete::coefficient_of_variation(std::span< const double > data, size_t n_windows, uint32_t hop_size, uint32_t window_size, bool sample_variance=true) are not documented:
  parameter 'data'
  parameter 'n_windows'
  parameter 'hop_size'
  parameter 'window_size'
/home/runner/work/MayaFlux/MayaFlux/src/MayaFlux/Kinesis/Discrete/Analysis.hpp:244: warning: The following parameters of MayaFlux::Kinesis::Discrete::entropy(std::span< const double > data, size_t n_windows, uint32_t hop_size, uint32_t window_size, size_t num_bins=0) are not documented:
  parameter 'data'
  parameter 'n_windows'
  parameter 'hop_size'
  parameter 'window_size'
/home/runner/work/MayaFlux/MayaFlux/src/MayaFlux/Kinesis/Discrete/Analysis.hpp:339: warning: The following parameters of MayaFlux::Kinesis::Discrete::mean_zscore(std::span< const double > data, size_t n_windows, uint32_t hop_size, uint32_t window_size, bool sample_variance=true) are not documented:
  parameter 'data'
  parameter 'n_windows'
  parameter 'hop_size'
  parameter 'window_size'
/home/runner/work/MayaFlux/MayaFlux/src/MayaFlux/Kinesis/Discrete/Analysis.hpp:233: warning: argument 'percentile' of command @param is not found in the argument list of MayaFlux::Kinesis::Discrete::percentile(std::span< const double > data, size_t n_windows, uint32_t hop_size, uint32_t window_size, double percentile_value)
/home/runner/work/MayaFlux/MayaFlux/src/MayaFlux/Kinesis/Discrete/Analysis.hpp:233: warning: The following parameters of MayaFlux::Kinesis::Discrete::percentile(std::span< const double > data, size_t n_windows, uint32_t hop_size, uint32_t window_size, double percentile_value) are not documented:
  parameter 'data'
  parameter 'n_windows'
  parameter 'hop_size'
  parameter 'window_size'
  parameter 'percentile_value'
/home/runner/work/MayaFlux/MayaFlux/src/MayaFlux/Kinesis/Discrete/Analysis.hpp:191: warning: The following parameters of MayaFlux::Kinesis::Discrete::std_dev(std::span< const double > data, size_t n_windows, uint32_t hop_size, uint32_t window_size, bool sample_variance=true) are not documented:
  parameter 'data'
  parameter 'n_windows'
  parameter 'hop_size'
  parameter 'window_size'
/home/runner/work/MayaFlux/MayaFlux/src/MayaFlux/Kinesis/Discrete/Analysis.hpp:180: warning: The following parameters of MayaFlux::Kinesis::Discrete::variance(std::span< const double > data, size_t n_windows, uint32_t hop_size, uint32_t window_size, bool sample_variance=true) are not documented:
  parameter 'data'
  parameter 'n_windows'
  parameter 'hop_size'
  parameter 'window_size'
/home/runner/work/MayaFlux/MayaFlux/src/MayaFlux/Kinesis/Discrete/Analysis.hpp:313: warning: The following parameters of MayaFlux::Kinesis::Discrete::coefficient_of_variation(std::span< const double > data, size_t n_windows, uint32_t hop_size, uint32_t window_size, bool sample_variance=true) are not documented:
  parameter 'data'
  parameter 'n_windows'
  parameter 'hop_size'
  parameter 'window_size'
/home/runner/work/MayaFlux/MayaFlux/src/MayaFlux/Kinesis/Discrete/Analysis.hpp:244: warning: The following parameters of MayaFlux::Kinesis::Discrete::entropy(std::span< const double > data, size_t n_windows, uint32_t hop_size, uint32_t window_size, size_t num_bins=0) are not documented:
  parameter 'data'
  parameter 'n_windows'
  parameter 'hop_size'
  parameter 'window_size'
/home/runner/work/MayaFlux/MayaFlux/src/MayaFlux/Kinesis/Discrete/Analysis.hpp:339: warning: The following parameters of MayaFlux::Kinesis::Discrete::mean_zscore(std::span< const double > data, size_t n_windows, uint32_t hop_size, uint32_t window_size, bool sample_variance=true) are not documented:
  parameter 'data'
  parameter 'n_windows'
  parameter 'hop_size'
  parameter 'window_size'
/home/runner/work/MayaFlux/MayaFlux/src/MayaFlux/Kinesis/Discrete/Analysis.hpp:233: warning: argument 'percentile' of command @param is not found in the argument list of MayaFlux::Kinesis::Discrete::percentile(std::span< const double > data, size_t n_windows, uint32_t hop_size, uint32_t window_size, double percentile_value)
/home/runner/work/MayaFlux/MayaFlux/src/MayaFlux/Kinesis/Discrete/Analysis.hpp:233: warning: The following parameters of MayaFlux::Kinesis::Discrete::percentile(std::span< const double > data, size_t n_windows, uint32_t hop_size, uint32_t window_size, double percentile_value) are not documented:
  parameter 'data'
  parameter 'n_windows'
  parameter 'hop_size'
  parameter 'window_size'
  parameter 'percentile_value'
/home/runner/work/MayaFlux/MayaFlux/src/MayaFlux/Kinesis/Discrete/Analysis.hpp:191: warning: The following parameters of MayaFlux::Kinesis::Discrete::std_dev(std::span< const double > data, size_t n_windows, uint32_t hop_size, uint32_t window_size, bool sample_variance=true) are not documented:
  parameter 'data'
  parameter 'n_windows'
  parameter 'hop_size'
  parameter 'window_size'
/home/runner/work/MayaFlux/MayaFlux/src/MayaFlux/Kinesis/Discrete/Analysis.hpp:180: warning: The following parameters of MayaFlux::Kinesis::Discrete::variance(std::span< const double > data, size_t n_windows, uint32_t hop_size, uint32_t window_size, bool sample_variance=true) are not documented:
  parameter 'data'
  parameter 'n_windows'
  parameter 'hop_size'
  parameter 'window_size'
/home/runner/work/MayaFlux/MayaFlux/src/MayaFlux/Kinesis/GeometryPrimitives.hpp:220: warning: argument 'default_thickness' of command @param is not found in the argument list of MayaFlux::Kinesis::apply_color_gradient(const std::vector< glm::vec3 > &positions, const std::vector< glm::vec3 > &colors, const std::vector< float > &color_positions={}, float scalar=1.0F)
/home/runner/work/MayaFlux/MayaFlux/src/MayaFlux/Kinesis/GeometryPrimitives.hpp:220: warning: The following parameter of MayaFlux::Kinesis::apply_color_gradient(const std::vector< glm::vec3 > &positions, const std::vector< glm::vec3 > &colors, const std::vector< float > &color_positions={}, float scalar=1.0F) is not documented:
  parameter 'scalar'
/home/runner/work/MayaFlux/MayaFlux/src/MayaFlux/Kinesis/GeometryPrimitives.hpp:341: warning: The following parameter of MayaFlux::Kinesis::generate_grid(const glm::vec3 &center, float extent_x, float extent_z, uint32_t cols, uint32_t rows, const glm::vec3 &normal=glm::vec3(0.0F, 1.0F, 0.0F)) is not documented:
  parameter 'normal'
/home/runner/work/MayaFlux/MayaFlux/src/MayaFlux/Kinesis/GeometryPrimitives.hpp:220: warning: argument 'default_thickness' of command @param is not found in the argument list of MayaFlux::Kinesis::apply_color_gradient(const std::vector< glm::vec3 > &positions, const std::vector< glm::vec3 > &colors, const std::vector< float > &color_positions={}, float scalar=1.0F)
/home/runner/work/MayaFlux/MayaFlux/src/MayaFlux/Kinesis/GeometryPrimitives.hpp:220: warning: The following parameter of MayaFlux::Kinesis::apply_color_gradient(const std::vector< glm::vec3 > &positions, const std::vector< glm::vec3 > &colors, const std::vector< float > &color_positions={}, float scalar=1.0F) is not documented:
  parameter 'scalar'
/home/runner/work/MayaFlux/MayaFlux/src/MayaFlux/Kinesis/GeometryPrimitives.hpp:341: warning: The following parameter of MayaFlux::Kinesis::generate_grid(const glm::vec3 &center, float extent_x, float extent_z, uint32_t cols, uint32_t rows, const glm::vec3 &normal=glm::vec3(0.0F, 1.0F, 0.0F)) is not documented:
  parameter 'normal'
/home/runner/work/MayaFlux/MayaFlux/src/MayaFlux/Kinesis/Vision/PixelOps.hpp:97: warning: argument 'value' of command @param is not found in the argument list of MayaFlux::Kinesis::Vision::gray_to_rgba(std::span< const float > gray, std::span< float > dst, uint32_t w, uint32_t h)
/home/runner/work/MayaFlux/MayaFlux/src/MayaFlux/Kinesis/Vision/PixelOps.hpp:97: warning: The following parameters of MayaFlux::Kinesis::Vision::gray_to_rgba(std::span< const float > gray, std::span< float > dst, uint32_t w, uint32_t h) are not documented:
  parameter 'w'
  parameter 'h'
/home/runner/work/MayaFlux/MayaFlux/src/MayaFlux/Kinesis/Vision/PixelOps.hpp:97: warning: argument 'value' of command @param is not found in the argument list of MayaFlux::Kinesis::Vision::gray_to_rgba(std::span< const float > gray, std::span< float > dst, uint32_t w, uint32_t h)
/home/runner/work/MayaFlux/MayaFlux/src/MayaFlux/Kinesis/Vision/PixelOps.hpp:97: warning: The following parameters of MayaFlux::Kinesis::Vision::gray_to_rgba(std::span< const float > gray, std::span< float > dst, uint32_t w, uint32_t h) are not documented:
  parameter 'w'
  parameter 'h'
/home/runner/work/MayaFlux/MayaFlux/src/MayaFlux/Kriya/Tasks.hpp:123: warning: The following parameter of MayaFlux::Kriya::pattern(std::function< std::any(uint64_t)> pattern_func, std::function< void(std::any)> callback, double interval_seconds, Vruta::ProcessingToken token=Vruta::ProcessingToken::SAMPLE_ACCURATE) is not documented:
  parameter 'token'
/home/runner/work/MayaFlux/MayaFlux/src/MayaFlux/Kriya/Tasks.hpp:53: warning: argument 'scheduler' of command @param is not found in the argument list of MayaFlux::Kriya::sequence(std::vector< std::pair< double, std::function< void()> > > sequence, Vruta::ProcessingToken token=Vruta::ProcessingToken::SAMPLE_ACCURATE)
/home/runner/work/MayaFlux/MayaFlux/src/MayaFlux/Kriya/Tasks.hpp:123: warning: The following parameter of MayaFlux::Kriya::pattern(std::function< std::any(uint64_t)> pattern_func, std::function< void(std::any)> callback, double interval_seconds, Vruta::ProcessingToken token=Vruta::ProcessingToken::SAMPLE_ACCURATE) is not documented:
  parameter 'token'
/home/runner/work/MayaFlux/MayaFlux/src/MayaFlux/Kriya/Tasks.hpp:53: warning: argument 'scheduler' of command @param is not found in the argument list of MayaFlux::Kriya::sequence(std::vector< std::pair< double, std::function< void()> > > sequence, Vruta::ProcessingToken token=Vruta::ProcessingToken::SAMPLE_ACCURATE)
/home/runner/work/MayaFlux/MayaFlux/src/MayaFlux/Nexus/Pheme/Sinks.hpp:129: warning: argument 'window' of command @param is not found in the argument list of MayaFlux::Nexus::add_render_sink(std::vector< RenderSink > &sinks, Buffers::BufferManager &mgr, const Portal::Graphics::RenderConfig &config, RenderFn fn={}, std::string fn_name={}, const std::optional< glm::vec3 > &initial_position={})
/home/runner/work/MayaFlux/MayaFlux/src/MayaFlux/Nexus/Pheme/Sinks.hpp:129: warning: The following parameter of MayaFlux::Nexus::add_render_sink(std::vector< RenderSink > &sinks, Buffers::BufferManager &mgr, const Portal::Graphics::RenderConfig &config, RenderFn fn={}, std::string fn_name={}, const std::optional< glm::vec3 > &initial_position={}) is not documented:
  parameter 'config'
/home/runner/work/MayaFlux/MayaFlux/src/MayaFlux/Nexus/Pheme/Sinks.hpp:129: warning: argument 'window' of command @param is not found in the argument list of MayaFlux::Nexus::add_render_sink(std::vector< RenderSink > &sinks, Buffers::BufferManager &mgr, const Portal::Graphics::RenderConfig &config, RenderFn fn={}, std::string fn_name={}, const std::optional< glm::vec3 > &initial_position={})
/home/runner/work/MayaFlux/MayaFlux/src/MayaFlux/Nexus/Pheme/Sinks.hpp:129: warning: The following parameter of MayaFlux::Nexus::add_render_sink(std::vector< RenderSink > &sinks, Buffers::BufferManager &mgr, const Portal::Graphics::RenderConfig &config, RenderFn fn={}, std::string fn_name={}, const std::optional< glm::vec3 > &initial_position={}) is not documented:
  parameter 'config'
/home/runner/work/MayaFlux/MayaFlux/src/MayaFlux/Portal/Graphics/ShaderFoundry.hpp:33: warning: Unsupported xml/html tag <name> found
/home/runner/work/MayaFlux/MayaFlux/src/MayaFlux/Portal/Graphics/ShaderFoundry.hpp:33: warning: Unsupported xml/html tag <name> found
/home/runner/work/MayaFlux/MayaFlux/src/MayaFlux/Portal/Graphics/ShaderFoundry.hpp:33: warning: Unsupported xml/html tag <name> found
/home/runner/work/MayaFlux/MayaFlux/src/MayaFlux/Portal/Graphics/ShaderFoundry.hpp:33: warning: Unsupported xml/html tag <name> found
/home/runner/work/MayaFlux/MayaFlux/src/MayaFlux/Portal/Text/FontDiscovery.hpp:12: warning: Found unknown command '\Fonts'
/home/runner/work/MayaFlux/MayaFlux/src/MayaFlux/Portal/Text/TypeSetter.hpp:44: warning: Found unknown command '\r'
/home/runner/work/MayaFlux/MayaFlux/src/MayaFlux/Portal/Text/TypeSetter.hpp:43: warning: The following parameter of MayaFlux::Portal::Text::lay_out(std::string_view text, GlyphAtlas &atlas, float pen_x=0.F, float pen_y=0.F, uint32_t wrap_w=0) is not documented:
  parameter 'wrap_w'
/home/runner/work/MayaFlux/MayaFlux/src/MayaFlux/Portal/Text/TypeSetter.hpp:44: warning: Found unknown command '\r'
/home/runner/work/MayaFlux/MayaFlux/src/MayaFlux/Portal/Text/TypeSetter.hpp:43: warning: The following parameter of MayaFlux::Portal::Text::lay_out(std::string_view text, GlyphAtlas &atlas, float pen_x=0.F, float pen_y=0.F, uint32_t wrap_w=0) is not documented:
  parameter 'wrap_w'
/home/runner/work/MayaFlux/MayaFlux/src/MayaFlux/Transitive/Memory/LiveArena.hpp:267: warning: explicit link request to 'method_name' could not be resolved
/home/runner/work/MayaFlux/MayaFlux/src/MayaFlux/Yantra/Data/StructureIntrospection.hpp:127: warning: The following parameter of MayaFlux::Yantra::infer_structure(const T &data, const std::shared_ptr< Kakshya::SignalSourceContainer > &container=nullptr) is not documented:
  parameter 'container'
/home/runner/work/MayaFlux/MayaFlux/README.md:569: warning: unable to resolve reference to '/home/runner/work/MayaFlux/MayaFlux/docs/StarterTasks.md' for \ref command
/home/runner/work/MayaFlux/MayaFlux/README.md:569: warning: unable to resolve reference to '/home/runner/work/MayaFlux/MayaFlux/docs/BuildOps.md' for \ref command
/home/runner/work/MayaFlux/MayaFlux/README.md:582: warning: unable to resolve reference to '/home/runner/work/MayaFlux/MayaFlux/ETHICAL_DECLARATIONS.md' for \ref command
/home/runner/work/MayaFlux/MayaFlux/CONTRIBUTING.md:82: warning: unable to resolve reference to '/home/runner/work/MayaFlux/MayaFlux/docs/StarterTasks.md' for \ref command
/home/runner/work/MayaFlux/MayaFlux/CONTRIBUTING.md:83: warning: unable to resolve reference to '/home/runner/work/MayaFlux/MayaFlux/docs/BuildOps.md' for \ref command
/home/runner/work/MayaFlux/MayaFlux/CONTRIBUTING.md:157: warning: unable to resolve reference to '/home/runner/work/MayaFlux/MayaFlux/docs/StarterTasks.md' for \ref command
/home/runner/work/MayaFlux/MayaFlux/CONTRIBUTING.md:157: warning: unable to resolve reference to '/home/runner/work/MayaFlux/MayaFlux/docs/BuildOps.md' for \ref command
/home/runner/work/MayaFlux/MayaFlux/docs/Dev_Getting_Started.md:155: warning: unable to resolve reference to '/home/runner/work/MayaFlux/MayaFlux/docs/StarterTasks.md' for \ref command
/home/runner/work/MayaFlux/MayaFlux/docs/Dev_Getting_Started.md:155: warning: unable to resolve reference to '/home/runner/work/MayaFlux/MayaFlux/docs/BuildOps.md' for \ref command
/home/runner/work/MayaFlux/MayaFlux/src/Lila/Commentator.hpp:234: warning: found documented return type for Lila::Commentator::Commentator that does not return anything
/home/runner/work/MayaFlux/MayaFlux/src/MayaFlux/API/Graph.hpp:179: warning: Found unknown command '@breif'
/home/runner/work/MayaFlux/MayaFlux/src/MayaFlux/API/Graph.hpp:196: warning: Found unknown command '@breif'
/home/runner/work/MayaFlux/MayaFlux/src/MayaFlux/API/Graph.hpp:71: warning: Found unknown command '@breif'
/home/runner/work/MayaFlux/MayaFlux/src/MayaFlux/API/Graph.hpp:88: warning: Found unknown command '@breif'
/home/runner/work/MayaFlux/MayaFlux/src/MayaFlux/API/Graph.hpp:244: warning: The following parameter of MayaFlux::add_processor(const std::shared_ptr< Buffers::BufferProcessor > &processor, const std::shared_ptr< Buffers::Buffer > &buffer, Buffers::ProcessingToken token=Buffers::ProcessingToken::AUDIO_BACKEND) is not documented:
  parameter 'token'
/home/runner/work/MayaFlux/MayaFlux/src/MayaFlux/API/Graph.hpp:332: warning: The following parameter of MayaFlux::create_buffer(uint32_t channel, uint32_t buffer_size, Args &&... args) -> std::shared_ptr< BufferType > is not documented:
  parameter 'args'
/home/runner/work/MayaFlux/MayaFlux/src/MayaFlux/API/Core.hpp:93: warning: argument 'graphics_info' of command @param is not found in the argument list of MayaFlux::Init(Core::GlobalStreamInfo stream_info, Core::GlobalGraphicsConfig graphics_config, Core::GlobalInputConfig input_config, Core::GlobalNetworkConfig network_config)
/home/runner/work/MayaFlux/MayaFlux/src/MayaFlux/API/Core.hpp:93: warning: The following parameter of MayaFlux::Init(Core::GlobalStreamInfo stream_info, Core::GlobalGraphicsConfig graphics_config, Core::GlobalInputConfig input_config, Core::GlobalNetworkConfig network_config) is not documented:
  parameter 'graphics_config'
/home/runner/work/MayaFlux/MayaFlux/src/MayaFlux/API/Graph.hpp:348: warning: The following parameter of MayaFlux::register_graphics_buffer(const std::shared_ptr< Buffers::VKBuffer > &buffer, Buffers::ProcessingToken token=Buffers::ProcessingToken::GRAPHICS_BACKEND) is not documented:
  parameter 'token'
/home/runner/work/MayaFlux/MayaFlux/src/MayaFlux/API/Graph.hpp:162: warning: The following parameter of MayaFlux::register_node_network(const std::shared_ptr< Nodes::Network::NodeNetwork > &network, const Nodes::ProcessingToken &token=Nodes::ProcessingToken::AUDIO_RATE) is not documented:
  parameter 'token'
/home/runner/work/MayaFlux/MayaFlux/src/MayaFlux/API/Graph.hpp:560: warning: argument 'channels' of command @param is not found in the argument list of MayaFlux::remove_supplied_buffer_from_channel(const std::shared_ptr< Buffers::AudioBuffer > &buffer, const uint32_t channel)
/home/runner/work/MayaFlux/MayaFlux/src/MayaFlux/API/Graph.hpp:560: warning: The following parameter of MayaFlux::remove_supplied_buffer_from_channel(const std::shared_ptr< Buffers::AudioBuffer > &buffer, const uint32_t channel) is not documented:
  parameter 'channel'
/home/runner/work/MayaFlux/MayaFlux/src/MayaFlux/API/Graph.hpp:179: warning: Found unknown command '@breif'
/home/runner/work/MayaFlux/MayaFlux/src/MayaFlux/API/Graph.hpp:196: warning: Found unknown command '@breif'
/home/runner/work/MayaFlux/MayaFlux/src/MayaFlux/API/Graph.hpp:71: warning: Found unknown command '@breif'
/home/runner/work/MayaFlux/MayaFlux/src/MayaFlux/API/Graph.hpp:88: warning: Found unknown command '@breif'
/home/runner/work/MayaFlux/MayaFlux/src/MayaFlux/API/Graph.hpp:116: warning: argument 'channels' of command @param is not found in the argument list of MayaFlux::unregister_node(const std::shared_ptr< Nodes::Node > &node, const Nodes::ProcessingToken &token, uint32_t channel=0)
/home/runner/work/MayaFlux/MayaFlux/src/MayaFlux/API/Graph.hpp:116: warning: The following parameters of MayaFlux::unregister_node(const std::shared_ptr< Nodes::Node > &node, const Nodes::ProcessingToken &token, uint32_t channel=0) are not documented:
  parameter 'token'
  parameter 'channel'
/home/runner/work/MayaFlux/MayaFlux/src/MayaFlux/API/Graph.hpp:171: warning: The following parameter of MayaFlux::unregister_node_network(const std::shared_ptr< Nodes::Network::NodeNetwork > &network, const Nodes::ProcessingToken &token=Nodes::ProcessingToken::AUDIO_RATE) is not documented:
  parameter 'token'
/home/runner/work/MayaFlux/MayaFlux/src/MayaFlux/Buffers/Staging/AudioWriteProcessor.hpp:78: warning: argument 'buffer' of command @param is not found in the argument list of MayaFlux::Buffers::AudioWriteProcessor::is_compatible_with(const std::shared_ptr< Buffer > &) const inherited from member is_compatible_with at line 172 in file /home/runner/work/MayaFlux/MayaFlux/src/MayaFlux/Buffers/BufferProcessor.hpp
/home/runner/work/MayaFlux/MayaFlux/src/MayaFlux/Buffers/Staging/AudioWriteProcessor.hpp:76: warning: argument 'buffer' of command @param is not found in the argument list of MayaFlux::Buffers::AudioWriteProcessor::on_attach(const std::shared_ptr< Buffer > &) inherited from member on_attach at line 104 in file /home/runner/work/MayaFlux/MayaFlux/src/MayaFlux/Buffers/BufferProcessor.hpp
/home/runner/work/MayaFlux/MayaFlux/src/MayaFlux/Buffers/Staging/BufferDownloadProcessor.hpp:33: warning: argument 'buffer' of command @param is not found in the argument list of MayaFlux::Buffers::BufferDownloadProcessor::is_compatible_with(const std::shared_ptr< Buffer > &) const inherited from member is_compatible_with at line 172 in file /home/runner/work/MayaFlux/MayaFlux/src/MayaFlux/Buffers/BufferProcessor.hpp
/home/runner/work/MayaFlux/MayaFlux/src/MayaFlux/Buffers/Staging/BufferDownloadProcessor.hpp:30: warning: argument 'buffer' of command @param is not found in the argument list of MayaFlux::Buffers::BufferDownloadProcessor::on_attach(const std::shared_ptr< Buffer > &) inherited from member on_attach at line 104 in file /home/runner/work/MayaFlux/MayaFlux/src/MayaFlux/Buffers/BufferProcessor.hpp
/home/runner/work/MayaFlux/MayaFlux/src/MayaFlux/Buffers/Staging/BufferDownloadProcessor.hpp:31: warning: argument 'buffer' of command @param is not found in the argument list of MayaFlux::Buffers::BufferDownloadProcessor::on_detach(const std::shared_ptr< Buffer > &) inherited from member on_detach at line 124 in file /home/runner/work/MayaFlux/MayaFlux/src/MayaFlux/Buffers/BufferProcessor.hpp
/home/runner/work/MayaFlux/MayaFlux/src/MayaFlux/Buffers/BufferManager.hpp:41: warning: argument 'default_processing_token' of command @param is not found in the argument list of MayaFlux::Buffers::BufferManager::BufferManager(uint32_t default_out_channels=2, uint32_t default_in_channels=0, uint64_t default_sample_rate=48000, uint32_t default_buffer_size=512, uint32_t default_frame_rate=60, ProcessingToken default_audio_token=ProcessingToken::AUDIO_BACKEND, ProcessingToken default_graphics_token=ProcessingToken::GRAPHICS_BACKEND)
/home/runner/work/MayaFlux/MayaFlux/src/MayaFlux/Buffers/BufferManager.hpp:41: warning: The following parameters of MayaFlux::Buffers::BufferManager::BufferManager(uint32_t default_out_channels=2, uint32_t default_in_channels=0, uint64_t default_sample_rate=48000, uint32_t default_buffer_size=512, uint32_t default_frame_rate=60, ProcessingToken default_audio_token=ProcessingToken::AUDIO_BACKEND, ProcessingToken default_graphics_token=ProcessingToken::GRAPHICS_BACKEND) are not documented:
  parameter 'default_audio_token'
  parameter 'default_graphics_token'
/home/runner/work/MayaFlux/MayaFlux/src/MayaFlux/Buffers/BufferManager.hpp:301: warning: The following parameter of MayaFlux::Buffers::BufferManager::add_processor(const std::shared_ptr< BufferProcessor > &processor, const std::shared_ptr< Buffer > &buffer, ProcessingToken token=ProcessingToken::AUDIO_BACKEND) is not documented:
  parameter 'token'
/home/runner/work/MayaFlux/MayaFlux/src/MayaFlux/Buffers/BufferManager.hpp:153: warning: MayaFlux::Buffers::BufferManager::get_sample_rate has @param documentation sections but no arguments
/home/runner/work/MayaFlux/MayaFlux/src/MayaFlux/Buffers/Managers/BufferProcessingControl.hpp:192: warning: The following parameter of MayaFlux::Buffers::BufferProcessingControl::attach_quick_process(AudioProcessingFunction processor, const std::shared_ptr< Buffer > &buffer, ProcessingToken token=ProcessingToken::AUDIO_BACKEND) is not documented:
  parameter 'token'
/home/runner/work/MayaFlux/MayaFlux/src/MayaFlux/Buffers/BufferProcessor.hpp:172: warning: argument 'buffer' of command @param is not found in the argument list of MayaFlux::Buffers::BufferProcessor::is_compatible_with(const std::shared_ptr< Buffer > &) const
/home/runner/work/MayaFlux/MayaFlux/src/MayaFlux/Buffers/BufferProcessor.hpp:104: warning: argument 'buffer' of command @param is not found in the argument list of MayaFlux::Buffers::BufferProcessor::on_attach(const std::shared_ptr< Buffer > &)
/home/runner/work/MayaFlux/MayaFlux/src/MayaFlux/Buffers/BufferProcessor.hpp:124: warning: argument 'buffer' of command @param is not found in the argument list of MayaFlux::Buffers::BufferProcessor::on_detach(const std::shared_ptr< Buffer > &)
/home/runner/work/MayaFlux/MayaFlux/src/MayaFlux/Buffers/BufferProcessor.hpp:142: warning: argument 'buffer' of command @param is not found in the argument list of MayaFlux::Buffers::BufferProcessor::set_processing_token(ProcessingToken token)
/home/runner/work/MayaFlux/MayaFlux/src/MayaFlux/Buffers/BufferProcessor.hpp:142: warning: The following parameter of MayaFlux::Buffers::BufferProcessor::set_processing_token(ProcessingToken token) is not documented:
  parameter 'token'
/home/runner/work/MayaFlux/MayaFlux/src/MayaFlux/Buffers/BufferProcessor.hpp:142: warning: found documented return type for MayaFlux::Buffers::BufferProcessor::set_processing_token that does not return anything
/home/runner/work/MayaFlux/MayaFlux/src/MayaFlux/Buffers/Staging/BufferUploadProcessor.hpp:34: warning: argument 'buffer' of command @param is not found in the argument list of MayaFlux::Buffers::BufferUploadProcessor::is_compatible_with(const std::shared_ptr< Buffer > &) const inherited from member is_compatible_with at line 172 in file /home/runner/work/MayaFlux/MayaFlux/src/MayaFlux/Buffers/BufferProcessor.hpp
/home/runner/work/MayaFlux/MayaFlux/src/MayaFlux/Buffers/Staging/BufferUploadProcessor.hpp:31: warning: argument 'buffer' of command @param is not found in the argument list of MayaFlux::Buffers::BufferUploadProcessor::on_attach(const std::shared_ptr< Buffer > &) inherited from member on_attach at line 104 in file /home/runner/work/MayaFlux/MayaFlux/src/MayaFlux/Buffers/BufferProcessor.hpp
/home/runner/work/MayaFlux/MayaFlux/src/MayaFlux/Buffers/Staging/BufferUploadProcessor.hpp:32: warning: argument 'buffer' of command @param is not found in the argument list of MayaFlux::Buffers::BufferUploadProcessor::on_detach(const std::shared_ptr< Buffer > &) inherited from member on_detach at line 124 in file /home/runner/work/MayaFlux/MayaFlux/src/MayaFlux/Buffers/BufferProcessor.hpp
/home/runner/work/MayaFlux/MayaFlux/src/MayaFlux/Buffers/Staging/DataWriteProcessor.hpp:179: warning: argument 'buffer' of command @param is not found in the argument list of MayaFlux::Buffers::DataWriteProcessor::on_attach(const std::shared_ptr< Buffer > &) inherited from member on_attach at line 104 in file /home/runner/work/MayaFlux/MayaFlux/src/MayaFlux/Buffers/BufferProcessor.hpp
/home/runner/work/MayaFlux/MayaFlux/src/MayaFlux/Buffers/Staging/DataWriteProcessor.hpp:180: warning: argument 'buffer' of command @param is not found in the argument list of MayaFlux::Buffers::DataWriteProcessor::on_detach(const std::shared_ptr< Buffer > &) inherited from member on_detach at line 124 in file /home/runner/work/MayaFlux/MayaFlux/src/MayaFlux/Buffers/BufferProcessor.hpp
/home/runner/work/MayaFlux/MayaFlux/src/MayaFlux/Buffers/Shaders/DescriptorBindingsProcessor.hpp:131: warning: The following parameter of MayaFlux::Buffers::DescriptorBindingsProcessor::bind_structured_node(const std::string &name, const std::shared_ptr< Nodes::Node > &node, const std::string &descriptor_name, uint32_t set, Portal::Graphics::DescriptorRole role=Portal::Graphics::DescriptorRole::STORAGE, ProcessingMode mode=ProcessingMode::INTERNAL) is not documented:
  parameter 'mode'
/home/runner/work/MayaFlux/MayaFlux/src/MayaFlux/Buffers/Recursive/FeedbackBuffer.hpp:109: warning: argument 'buffer' of command @param is not found in the argument list of MayaFlux::Buffers::FeedbackProcessor::on_attach(const std::shared_ptr< Buffer > &) inherited from member on_attach at line 104 in file /home/runner/work/MayaFlux/MayaFlux/src/MayaFlux/Buffers/BufferProcessor.hpp
/home/runner/work/MayaFlux/MayaFlux/src/MayaFlux/Buffers/Recursive/FeedbackBuffer.hpp:110: warning: argument 'buffer' of command @param is not found in the argument list of MayaFlux::Buffers::FeedbackProcessor::on_detach(const std::shared_ptr< Buffer > &) inherited from member on_detach at line 124 in file /home/runner/work/MayaFlux/MayaFlux/src/MayaFlux/Buffers/BufferProcessor.hpp
/home/runner/work/MayaFlux/MayaFlux/src/MayaFlux/Buffers/Node/FilterProcessor.hpp:57: warning: argument 'buffer' of command @param is not found in the argument list of MayaFlux::Buffers::FilterProcessor::on_attach(const std::shared_ptr< Buffer > &) inherited from member on_attach at line 104 in file /home/runner/work/MayaFlux/MayaFlux/src/MayaFlux/Buffers/BufferProcessor.hpp
/home/runner/work/MayaFlux/MayaFlux/src/MayaFlux/Buffers/Forma/FormaProcessor.hpp:56: warning: argument 'buffer' of command @param is not found in the argument list of MayaFlux::Buffers::FormaProcessor::on_attach(const std::shared_ptr< Buffer > &) inherited from member on_attach at line 104 in file /home/runner/work/MayaFlux/MayaFlux/src/MayaFlux/Buffers/BufferProcessor.hpp
/home/runner/work/MayaFlux/MayaFlux/src/MayaFlux/Buffers/Forma/FormaProcessor.hpp:57: warning: argument 'buffer' of command @param is not found in the argument list of MayaFlux::Buffers::FormaProcessor::on_detach(const std::shared_ptr< Buffer > &) inherited from member on_detach at line 124 in file /home/runner/work/MayaFlux/MayaFlux/src/MayaFlux/Buffers/BufferProcessor.hpp
/home/runner/work/MayaFlux/MayaFlux/src/MayaFlux/Buffers/Textures/ImageCVProcessor.hpp:35: warning: The following parameter of MayaFlux::Buffers::ImageCVProcessor::ImageCVProcessor(Kinesis::Vision::VisionSequence sequence, bool force_cpu=false) is not documented:
  parameter 'force_cpu'
/home/runner/work/MayaFlux/MayaFlux/src/MayaFlux/Buffers/Textures/ImageCVProcessor.hpp:88: warning: argument 'buffer' of command @param is not found in the argument list of MayaFlux::Buffers::ImageCVProcessor< T >::on_detach(const std::shared_ptr< Buffer > &)
/home/runner/work/MayaFlux/MayaFlux/src/MayaFlux/Buffers/Textures/ImageCVProcessor.hpp:104: warning: argument 'buffer' of command @param is not found in the argument list of MayaFlux::Buffers::ImageCVProcessor< T >::processing_function(const std::shared_ptr< Buffer > &)
/home/runner/work/MayaFlux/MayaFlux/src/MayaFlux/Buffers/Network/InstanceSSBOProcessor.hpp:46: warning: argument 'buffer' of command @param is not found in the argument list of MayaFlux::Buffers::InstanceSSBOProcessor::on_attach(const std::shared_ptr< Buffer > &) inherited from member on_attach at line 104 in file /home/runner/work/MayaFlux/MayaFlux/src/MayaFlux/Buffers/BufferProcessor.hpp
/home/runner/work/MayaFlux/MayaFlux/src/MayaFlux/Buffers/Network/InstanceSSBOProcessor.hpp:47: warning: argument 'buffer' of command @param is not found in the argument list of MayaFlux::Buffers::InstanceSSBOProcessor::on_detach(const std::shared_ptr< Buffer > &) inherited from member on_detach at line 124 in file /home/runner/work/MayaFlux/MayaFlux/src/MayaFlux/Buffers/BufferProcessor.hpp
/home/runner/work/MayaFlux/MayaFlux/src/MayaFlux/Buffers/Node/LogicProcessor.hpp:133: warning: argument 'buffer' of command @param is not found in the argument list of MayaFlux::Buffers::LogicProcessor::on_detach(const std::shared_ptr< Buffer > &)
/home/runner/work/MayaFlux/MayaFlux/src/MayaFlux/Buffers/Network/MeshNetworkProcessor.hpp:45: warning: argument 'buffer' of command @param is not found in the argument list of MayaFlux::Buffers::MeshNetworkProcessor::on_attach(const std::shared_ptr< Buffer > &) inherited from member on_attach at line 104 in file /home/runner/work/MayaFlux/MayaFlux/src/MayaFlux/Buffers/BufferProcessor.hpp
/home/runner/work/MayaFlux/MayaFlux/src/MayaFlux/Buffers/Network/MeshNetworkProcessor.hpp:46: warning: argument 'buffer' of command @param is not found in the argument list of MayaFlux::Buffers::MeshNetworkProcessor::on_detach(const std::shared_ptr< Buffer > &) inherited from member on_detach at line 124 in file /home/runner/work/MayaFlux/MayaFlux/src/MayaFlux/Buffers/BufferProcessor.hpp
/home/runner/work/MayaFlux/MayaFlux/src/MayaFlux/Buffers/Geometry/MeshProcessor.hpp:38: warning: argument 'buffer' of command @param is not found in the argument list of MayaFlux::Buffers::MeshProcessor::on_attach(const std::shared_ptr< Buffer > &) inherited from member on_attach at line 104 in file /home/runner/work/MayaFlux/MayaFlux/src/MayaFlux/Buffers/BufferProcessor.hpp
/home/runner/work/MayaFlux/MayaFlux/src/MayaFlux/Buffers/Geometry/MeshProcessor.hpp:39: warning: argument 'buffer' of command @param is not found in the argument list of MayaFlux::Buffers::MeshProcessor::on_detach(const std::shared_ptr< Buffer > &) inherited from member on_detach at line 124 in file /home/runner/work/MayaFlux/MayaFlux/src/MayaFlux/Buffers/BufferProcessor.hpp
/home/runner/work/MayaFlux/MayaFlux/src/MayaFlux/Buffers/Network/NetworkAudioBuffer.hpp:68: warning: argument 'buffer' of command @param is not found in the argument list of MayaFlux::Buffers::NetworkAudioProcessor::on_attach(const std::shared_ptr< Buffer > &) inherited from member on_attach at line 104 in file /home/runner/work/MayaFlux/MayaFlux/src/MayaFlux/Buffers/BufferProcessor.hpp
/home/runner/work/MayaFlux/MayaFlux/src/MayaFlux/Buffers/Network/NetworkAudioBuffer.hpp:69: warning: argument 'buffer' of command @param is not found in the argument list of MayaFlux::Buffers::NetworkAudioProcessor::on_detach(const std::shared_ptr< Buffer > &) inherited from member on_detach at line 124 in file /home/runner/work/MayaFlux/MayaFlux/src/MayaFlux/Buffers/BufferProcessor.hpp
/home/runner/work/MayaFlux/MayaFlux/src/MayaFlux/Buffers/Node/NodeFeedProcessor.hpp:27: warning: argument 'buffer' of command @param is not found in the argument list of MayaFlux::Buffers::NodeFeedProcessor::on_attach(const std::shared_ptr< Buffer > &) inherited from member on_attach at line 104 in file /home/runner/work/MayaFlux/MayaFlux/src/MayaFlux/Buffers/BufferProcessor.hpp
/home/runner/work/MayaFlux/MayaFlux/src/MayaFlux/Buffers/Node/NodeFeedProcessor.hpp:28: warning: argument 'buffer' of command @param is not found in the argument list of MayaFlux::Buffers::NodeFeedProcessor::on_detach(const std::shared_ptr< Buffer > &) inherited from member on_detach at line 124 in file /home/runner/work/MayaFlux/MayaFlux/src/MayaFlux/Buffers/BufferProcessor.hpp
/home/runner/work/MayaFlux/MayaFlux/src/MayaFlux/Buffers/Node/NodeBuffer.hpp:70: warning: argument 'buffer' of command @param is not found in the argument list of MayaFlux::Buffers::NodeSourceProcessor::on_attach(const std::shared_ptr< Buffer > &) inherited from member on_attach at line 104 in file /home/runner/work/MayaFlux/MayaFlux/src/MayaFlux/Buffers/BufferProcessor.hpp
/home/runner/work/MayaFlux/MayaFlux/src/MayaFlux/Buffers/Node/NodeBuffer.hpp:72: warning: argument 'buffer' of command @param is not found in the argument list of MayaFlux::Buffers::NodeSourceProcessor::on_detach(const std::shared_ptr< Buffer > &) inherited from member on_detach at line 124 in file /home/runner/work/MayaFlux/MayaFlux/src/MayaFlux/Buffers/BufferProcessor.hpp
/home/runner/work/MayaFlux/MayaFlux/src/MayaFlux/Buffers/Textures/NodeTextureProcessor.hpp:117: warning: argument 'buffer' of command @param is not found in the argument list of MayaFlux::Buffers::NodeTextureProcessor::on_attach(const std::shared_ptr< Buffer > &) inherited from member on_attach at line 104 in file /home/runner/work/MayaFlux/MayaFlux/src/MayaFlux/Buffers/BufferProcessor.hpp
/home/runner/work/MayaFlux/MayaFlux/src/MayaFlux/Buffers/Textures/NodeTextureProcessor.hpp:118: warning: argument 'buffer' of command @param is not found in the argument list of MayaFlux::Buffers::NodeTextureProcessor::on_detach(const std::shared_ptr< Buffer > &) inherited from member on_detach at line 124 in file /home/runner/work/MayaFlux/MayaFlux/src/MayaFlux/Buffers/BufferProcessor.hpp
/home/runner/work/MayaFlux/MayaFlux/src/MayaFlux/Buffers/Node/PolynomialProcessor.hpp:76: warning: argument 'buffer' of command @param is not found in the argument list of MayaFlux::Buffers::PolynomialProcessor::on_detach(const std::shared_ptr< Buffer > &)
/home/runner/work/MayaFlux/MayaFlux/src/MayaFlux/Buffers/Managers/QuickProcess.hpp:38: warning: argument 'buffer' of command @param is not found in the argument list of MayaFlux::Buffers::QuickProcess< FuncType >::is_compatible_with(const std::shared_ptr< Buffer > &) const inherited from member is_compatible_with at line 172 in file /home/runner/work/MayaFlux/MayaFlux/src/MayaFlux/Buffers/BufferProcessor.hpp
/home/runner/work/MayaFlux/MayaFlux/src/MayaFlux/Buffers/Managers/QuickProcess.hpp:29: warning: argument 'buffer' of command @param is not found in the argument list of MayaFlux::Buffers::QuickProcess< FuncType >::on_attach(const std::shared_ptr< Buffer > &) inherited from member on_attach at line 104 in file /home/runner/work/MayaFlux/MayaFlux/src/MayaFlux/Buffers/BufferProcessor.hpp
/home/runner/work/MayaFlux/MayaFlux/src/MayaFlux/Buffers/Shaders/RenderProcessor.hpp:37: warning: argument 'buffer' of command @param is not found in the argument list of MayaFlux::Buffers::RenderProcessor::on_attach(const std::shared_ptr< Buffer > &) inherited from member on_attach at line 104 in file /home/runner/work/MayaFlux/MayaFlux/src/MayaFlux/Buffers/BufferProcessor.hpp
/home/runner/work/MayaFlux/MayaFlux/src/MayaFlux/Buffers/Shaders/RenderProcessor.hpp:197: warning: argument 'cmd' of command @param is not found in the argument list of MayaFlux::Buffers::RenderProcessor::on_before_execute(Portal::Graphics::CommandBufferID cmd_id, const std::shared_ptr< VKBuffer > &buffer) inherited from member on_before_execute at line 473 in file /home/runner/work/MayaFlux/MayaFlux/src/MayaFlux/Buffers/Shaders/ShaderProcessor.hpp
/home/runner/work/MayaFlux/MayaFlux/src/MayaFlux/Buffers/Shaders/ShaderProcessor.hpp:473: warning: The following parameter of MayaFlux::Buffers::RenderProcessor::on_before_execute(Portal::Graphics::CommandBufferID cmd_id, const std::shared_ptr< VKBuffer > &buffer) is not documented:
  parameter 'cmd_id'
/home/runner/work/MayaFlux/MayaFlux/src/MayaFlux/Buffers/Root/RootBuffer.hpp:130: warning: argument 'samples_per_second' of command @param is not found in the argument list of MayaFlux::Buffers::RootBuffer< BufferType >::set_processing_rate_hint(uint32_t tick_rate)
/home/runner/work/MayaFlux/MayaFlux/src/MayaFlux/Buffers/Root/RootBuffer.hpp:130: warning: The following parameter of MayaFlux::Buffers::RootBuffer::set_processing_rate_hint(uint32_t tick_rate) is not documented:
  parameter 'tick_rate'
/home/runner/work/MayaFlux/MayaFlux/src/MayaFlux/Buffers/Shaders/SDFFieldProcessor.hpp:36: warning: The following parameter of MayaFlux::Buffers::SDFFieldProcessor::SDFFieldProcessor(std::shared_ptr< VKBuffer > grid_buf, const glm::vec3 &bounds_min, const glm::vec3 &bounds_max, uint32_t res_x, uint32_t res_y, uint32_t res_z, std::string shader="sdf_field_gyroid.comp") is not documented:
  parameter 'shader'
/home/runner/work/MayaFlux/MayaFlux/src/MayaFlux/Buffers/Shaders/SDFFieldProcessor.hpp:67: warning: argument 'buffer' of command @param is not found in the argument list of MayaFlux::Buffers::SDFFieldProcessor::on_attach(const std::shared_ptr< Buffer > &) inherited from member on_attach at line 104 in file /home/runner/work/MayaFlux/MayaFlux/src/MayaFlux/Buffers/BufferProcessor.hpp
/home/runner/work/MayaFlux/MayaFlux/src/MayaFlux/Buffers/Shaders/SDFFieldProcessor.hpp:68: warning: argument 'cmd' of command @param is not found in the argument list of MayaFlux::Buffers::SDFFieldProcessor::on_before_execute(Portal::Graphics::CommandBufferID cmd_id, const std::shared_ptr< VKBuffer > &buffer) inherited from member on_before_execute at line 473 in file /home/runner/work/MayaFlux/MayaFlux/src/MayaFlux/Buffers/Shaders/ShaderProcessor.hpp
/home/runner/work/MayaFlux/MayaFlux/src/MayaFlux/Buffers/Shaders/ShaderProcessor.hpp:473: warning: The following parameter of MayaFlux::Buffers::SDFFieldProcessor::on_before_execute(Portal::Graphics::CommandBufferID cmd_id, const std::shared_ptr< VKBuffer > &buffer) is not documented:
  parameter 'cmd_id'
/home/runner/work/MayaFlux/MayaFlux/src/MayaFlux/Buffers/Shaders/SDFMeshProcessor.hpp:108: warning: argument 'cmd' of command @param is not found in the argument list of MayaFlux::Buffers::SDFMeshProcessor::on_after_execute(Portal::Graphics::CommandBufferID cmd_id, const std::shared_ptr< VKBuffer > &buffer) inherited from member on_after_execute at line 483 in file /home/runner/work/MayaFlux/MayaFlux/src/MayaFlux/Buffers/Shaders/ShaderProcessor.hpp
/home/runner/work/MayaFlux/MayaFlux/src/MayaFlux/Buffers/Shaders/ShaderProcessor.hpp:483: warning: The following parameter of MayaFlux::Buffers::SDFMeshProcessor::on_after_execute(Portal::Graphics::CommandBufferID cmd_id, const std::shared_ptr< VKBuffer > &buffer) is not documented:
  parameter 'cmd_id'
/home/runner/work/MayaFlux/MayaFlux/src/MayaFlux/Buffers/Shaders/SDFMeshProcessor.hpp:103: warning: argument 'buffer' of command @param is not found in the argument list of MayaFlux::Buffers::SDFMeshProcessor::on_attach(const std::shared_ptr< Buffer > &) inherited from member on_attach at line 104 in file /home/runner/work/MayaFlux/MayaFlux/src/MayaFlux/Buffers/BufferProcessor.hpp
/home/runner/work/MayaFlux/MayaFlux/src/MayaFlux/Buffers/Shaders/SDFMeshProcessor.hpp:105: warning: argument 'cmd' of command @param is not found in the argument list of MayaFlux::Buffers::SDFMeshProcessor::on_before_execute(Portal::Graphics::CommandBufferID cmd_id, const std::shared_ptr< VKBuffer > &buffer) inherited from member on_before_execute at line 473 in file /home/runner/work/MayaFlux/MayaFlux/src/MayaFlux/Buffers/Shaders/ShaderProcessor.hpp
/home/runner/work/MayaFlux/MayaFlux/src/MayaFlux/Buffers/Shaders/ShaderProcessor.hpp:473: warning: The following parameter of MayaFlux::Buffers::SDFMeshProcessor::on_before_execute(Portal::Graphics::CommandBufferID cmd_id, const std::shared_ptr< VKBuffer > &buffer) is not documented:
  parameter 'cmd_id'
/home/runner/work/MayaFlux/MayaFlux/src/MayaFlux/Buffers/Shaders/SDFPrepProcessor.hpp:48: warning: argument 'buffer' of command @param is not found in the argument list of MayaFlux::Buffers::SDFPrepProcessor::on_attach(const std::shared_ptr< Buffer > &) inherited from member on_attach at line 104 in file /home/runner/work/MayaFlux/MayaFlux/src/MayaFlux/Buffers/BufferProcessor.hpp
/home/runner/work/MayaFlux/MayaFlux/src/MayaFlux/Buffers/Shaders/ShaderProcessor.hpp:154: warning: argument 'buffer' of command @param is not found in the argument list of MayaFlux::Buffers::ShaderProcessor::is_compatible_with(const std::shared_ptr< Buffer > &) const inherited from member is_compatible_with at line 172 in file /home/runner/work/MayaFlux/MayaFlux/src/MayaFlux/Buffers/BufferProcessor.hpp
/home/runner/work/MayaFlux/MayaFlux/src/MayaFlux/Buffers/Shaders/ShaderProcessor.hpp:483: warning: argument 'cmd' of command @param is not found in the argument list of MayaFlux::Buffers::ShaderProcessor::on_after_execute(Portal::Graphics::CommandBufferID cmd_id, const std::shared_ptr< VKBuffer > &buffer)
/home/runner/work/MayaFlux/MayaFlux/src/MayaFlux/Buffers/Shaders/ShaderProcessor.hpp:483: warning: The following parameter of MayaFlux::Buffers::ShaderProcessor::on_after_execute(Portal::Graphics::CommandBufferID cmd_id, const std::shared_ptr< VKBuffer > &buffer) is not documented:
  parameter 'cmd_id'
/home/runner/work/MayaFlux/MayaFlux/src/MayaFlux/Buffers/Shaders/ShaderProcessor.hpp:151: warning: argument 'buffer' of command @param is not found in the argument list of MayaFlux::Buffers::ShaderProcessor::on_attach(const std::shared_ptr< Buffer > &) inherited from member on_attach at line 104 in file /home/runner/work/MayaFlux/MayaFlux/src/MayaFlux/Buffers/BufferProcessor.hpp
/home/runner/work/MayaFlux/MayaFlux/src/MayaFlux/Buffers/Shaders/ShaderProcessor.hpp:473: warning: argument 'cmd' of command @param is not found in the argument list of MayaFlux::Buffers::ShaderProcessor::on_before_execute(Portal::Graphics::CommandBufferID cmd_id, const std::shared_ptr< VKBuffer > &buffer)
/home/runner/work/MayaFlux/MayaFlux/src/MayaFlux/Buffers/Shaders/ShaderProcessor.hpp:473: warning: The following parameter of MayaFlux::Buffers::ShaderProcessor::on_before_execute(Portal::Graphics::CommandBufferID cmd_id, const std::shared_ptr< VKBuffer > &buffer) is not documented:
  parameter 'cmd_id'
/home/runner/work/MayaFlux/MayaFlux/src/MayaFlux/Buffers/Shaders/ShaderProcessor.hpp:443: warning: argument 'config' of command @param is not found in the argument list of MayaFlux::Buffers::ShaderProcessor::on_before_pipeline_create(Portal::Graphics::ComputePipelineID pipeline_id)
/home/runner/work/MayaFlux/MayaFlux/src/MayaFlux/Buffers/Shaders/ShaderProcessor.hpp:443: warning: The following parameter of MayaFlux::Buffers::ShaderProcessor::on_before_pipeline_create(Portal::Graphics::ComputePipelineID pipeline_id) is not documented:
  parameter 'pipeline_id'
/home/runner/work/MayaFlux/MayaFlux/src/MayaFlux/Buffers/Shaders/ShaderProcessor.hpp:152: warning: argument 'buffer' of command @param is not found in the argument list of MayaFlux::Buffers::ShaderProcessor::on_detach(const std::shared_ptr< Buffer > &) inherited from member on_detach at line 124 in file /home/runner/work/MayaFlux/MayaFlux/src/MayaFlux/Buffers/BufferProcessor.hpp
/home/runner/work/MayaFlux/MayaFlux/src/MayaFlux/Buffers/Shaders/ShaderProcessor.hpp:451: warning: argument 'pipeline' of command @param is not found in the argument list of MayaFlux::Buffers::ShaderProcessor::on_pipeline_created(Portal::Graphics::ComputePipelineID pipeline_id)
/home/runner/work/MayaFlux/MayaFlux/src/MayaFlux/Buffers/Shaders/ShaderProcessor.hpp:451: warning: The following parameter of MayaFlux::Buffers::ShaderProcessor::on_pipeline_created(Portal::Graphics::ComputePipelineID pipeline_id) is not documented:
  parameter 'pipeline_id'
/home/runner/work/MayaFlux/MayaFlux/src/MayaFlux/Buffers/Shaders/ShaderProcessor.hpp:435: warning: argument 'shader' of command @param is not found in the argument list of MayaFlux::Buffers::ShaderProcessor::on_shader_loaded(Portal::Graphics::ShaderID shader_id)
/home/runner/work/MayaFlux/MayaFlux/src/MayaFlux/Buffers/Shaders/ShaderProcessor.hpp:435: warning: The following parameter of MayaFlux::Buffers::ShaderProcessor::on_shader_loaded(Portal::Graphics::ShaderID shader_id) is not documented:
  parameter 'shader_id'
/home/runner/work/MayaFlux/MayaFlux/src/MayaFlux/Buffers/Container/StreamSliceProcessor.hpp:38: warning: argument 'buffer' of command @param is not found in the argument list of MayaFlux::Buffers::StreamSliceProcessor::is_compatible_with(const std::shared_ptr< Buffer > &) const inherited from member is_compatible_with at line 172 in file /home/runner/work/MayaFlux/MayaFlux/src/MayaFlux/Buffers/BufferProcessor.hpp
/home/runner/work/MayaFlux/MayaFlux/src/MayaFlux/Buffers/Container/StreamSliceProcessor.hpp:35: warning: argument 'buffer' of command @param is not found in the argument list of MayaFlux::Buffers::StreamSliceProcessor::on_attach(const std::shared_ptr< Buffer > &) inherited from member on_attach at line 104 in file /home/runner/work/MayaFlux/MayaFlux/src/MayaFlux/Buffers/BufferProcessor.hpp
/home/runner/work/MayaFlux/MayaFlux/src/MayaFlux/Buffers/Container/StreamSliceProcessor.hpp:36: warning: argument 'buffer' of command @param is not found in the argument list of MayaFlux::Buffers::StreamSliceProcessor::on_detach(const std::shared_ptr< Buffer > &) inherited from member on_detach at line 124 in file /home/runner/work/MayaFlux/MayaFlux/src/MayaFlux/Buffers/BufferProcessor.hpp
/home/runner/work/MayaFlux/MayaFlux/src/MayaFlux/Buffers/Textures/TextureProcessor.hpp:74: warning: argument 'buffer' of command @param is not found in the argument list of MayaFlux::Buffers::TextureProcessor::on_attach(const std::shared_ptr< Buffer > &) inherited from member on_attach at line 104 in file /home/runner/work/MayaFlux/MayaFlux/src/MayaFlux/Buffers/BufferProcessor.hpp
/home/runner/work/MayaFlux/MayaFlux/src/MayaFlux/Buffers/Textures/TextureProcessor.hpp:75: warning: argument 'buffer' of command @param is not found in the argument list of MayaFlux::Buffers::TextureProcessor::on_detach(const std::shared_ptr< Buffer > &) inherited from member on_detach at line 124 in file /home/runner/work/MayaFlux/MayaFlux/src/MayaFlux/Buffers/BufferProcessor.hpp
/home/runner/work/MayaFlux/MayaFlux/src/MayaFlux/Buffers/Staging/TransferProcessor.hpp:76: warning: argument 'buffer' of command @param is not found in the argument list of MayaFlux::Buffers::TransferProcessor::on_attach(const std::shared_ptr< Buffer > &) inherited from member on_attach at line 104 in file /home/runner/work/MayaFlux/MayaFlux/src/MayaFlux/Buffers/BufferProcessor.hpp
/home/runner/work/MayaFlux/MayaFlux/src/MayaFlux/Buffers/Staging/TransferProcessor.hpp:77: warning: argument 'buffer' of command @param is not found in the argument list of MayaFlux::Buffers::TransferProcessor::on_detach(const std::shared_ptr< Buffer > &) inherited from member on_detach at line 124 in file /home/runner/work/MayaFlux/MayaFlux/src/MayaFlux/Buffers/BufferProcessor.hpp
/home/runner/work/MayaFlux/MayaFlux/src/MayaFlux/Buffers/Shaders/UVFieldProcessor.hpp:122: warning: argument 'buffer' of command @param is not found in the argument list of MayaFlux::Buffers::UVFieldProcessor::on_attach(const std::shared_ptr< Buffer > &) inherited from member on_attach at line 104 in file /home/runner/work/MayaFlux/MayaFlux/src/MayaFlux/Buffers/BufferProcessor.hpp
/home/runner/work/MayaFlux/MayaFlux/src/MayaFlux/Buffers/Shaders/UVFieldProcessor.hpp:124: warning: argument 'cmd' of command @param is not found in the argument list of MayaFlux::Buffers::UVFieldProcessor::on_before_execute(Portal::Graphics::CommandBufferID cmd_id, const std::shared_ptr< VKBuffer > &buffer) inherited from member on_before_execute at line 473 in file /home/runner/work/MayaFlux/MayaFlux/src/MayaFlux/Buffers/Shaders/ShaderProcessor.hpp
/home/runner/work/MayaFlux/MayaFlux/src/MayaFlux/Buffers/Shaders/ShaderProcessor.hpp:473: warning: The following parameter of MayaFlux::Buffers::UVFieldProcessor::on_before_execute(Portal::Graphics::CommandBufferID cmd_id, const std::shared_ptr< VKBuffer > &buffer) is not documented:
  parameter 'cmd_id'
/home/runner/work/MayaFlux/MayaFlux/src/MayaFlux/Buffers/VKBuffer.hpp:610: warning: The following parameter of MayaFlux::Buffers::VKBuffer::apply_render_config(std::shared_ptr< RenderProcessor > &render_processor, const RenderConfig &config, const ShaderConfig &shader_config) is not documented:
  parameter 'shader_config'
/home/runner/work/MayaFlux/MayaFlux/src/MayaFlux/Buffers/VKBuffer.hpp:409: warning: The following parameter of MayaFlux::Buffers::VKBuffer::set_pipeline_window(RenderPipelineID id, const std::shared_ptr< Core::Window > &window) is not documented:
  parameter 'id'
/home/runner/work/MayaFlux/MayaFlux/src/MayaFlux/Core/Backends/Audio/AudioBackend.hpp:240: warning: argument 'api_preference' of command @param is not found in the argument list of MayaFlux::Core::AudioBackendFactory::create_backend(Core::AudioBackendType type)
/home/runner/work/MayaFlux/MayaFlux/src/MayaFlux/Core/Backends/Graphics/Vulkan/BackendResoureManager.hpp:194: warning: argument 'anisotropy' of command @param is not found in the argument list of MayaFlux::Core::BackendResourceManager::create_sampler(vk::Filter filter=vk::Filter::eLinear, vk::SamplerAddressMode address_mode=vk::SamplerAddressMode::eRepeat, float max_anisotropy=0.0F)
/home/runner/work/MayaFlux/MayaFlux/src/MayaFlux/Core/Backends/Graphics/Vulkan/BackendResoureManager.hpp:194: warning: The following parameter of MayaFlux::Core::BackendResourceManager::create_sampler(vk::Filter filter=vk::Filter::eLinear, vk::SamplerAddressMode address_mode=vk::SamplerAddressMode::eRepeat, float max_anisotropy=0.0F) is not documented:
  parameter 'max_anisotropy'
/home/runner/work/MayaFlux/MayaFlux/src/MayaFlux/Core/Backends/Graphics/Vulkan/BackendResoureManager.hpp:112: warning: The following parameter of MayaFlux::Core::BackendResourceManager::transition_image_layout(vk::Image image, vk::ImageLayout old_layout, vk::ImageLayout new_layout, uint32_t mip_levels=1, uint32_t array_layers=1, vk::ImageAspectFlags aspect_flags=vk::ImageAspectFlagBits::eColor) is not documented:
  parameter 'aspect_flags'
/home/runner/work/MayaFlux/MayaFlux/src/MayaFlux/Core/ProcessingArchitecture.hpp:116: warning: Found unknown command '@brienf'
/home/runner/work/MayaFlux/MayaFlux/src/MayaFlux/Core/ProcessingArchitecture.hpp:116: warning: Found unknown command '@brienf'
/home/runner/work/MayaFlux/MayaFlux/src/MayaFlux/Core/Engine.hpp:88: warning: MayaFlux::Core::Engine::Engine has @param documentation sections but no arguments
/home/runner/work/MayaFlux/MayaFlux/src/MayaFlux/Core/Engine.hpp:345: warning: argument 'tokens' of command @param is not found in the argument list of MayaFlux::Core::Engine::get_subsystem(SubsystemType type)
/home/runner/work/MayaFlux/MayaFlux/src/MayaFlux/Core/Engine.hpp:345: warning: The following parameter of MayaFlux::Core::Engine::get_subsystem(SubsystemType type) is not documented:
  parameter 'type'
/home/runner/work/MayaFlux/MayaFlux/src/MayaFlux/Core/SubsystemManager.hpp:208: warning: argument 'secondary_tokens' of command @param is not found in the argument list of MayaFlux::Core::SubsystemManager::execute_with_combined_tokens(SubsystemTokens primary_tokens, SubsystemTokens, Func operation)
/home/runner/work/MayaFlux/MayaFlux/src/MayaFlux/Core/Backends/Graphics/Vulkan/VKCommandManager.hpp:78: warning: MayaFlux::Core::VKCommandManager::has_deferred_commands has @param documentation sections but no arguments
/home/runner/work/MayaFlux/MayaFlux/src/MayaFlux/Core/Backends/Graphics/Vulkan/VKComputePipeline.hpp:110: warning: Unsupported symbol &my_shader; found
/home/runner/work/MayaFlux/MayaFlux/src/MayaFlux/Core/Backends/Graphics/Vulkan/VKContext.hpp:23: warning: argument 'global_config' of command @param is not found in the argument list of MayaFlux::Core::VKContext::initialize(const GlobalGraphicsConfig &graphics_config, bool enable_validation=true, const std::vector< const char * > &required_extensions={})
/home/runner/work/MayaFlux/MayaFlux/src/MayaFlux/Core/Backends/Graphics/Vulkan/VKContext.hpp:23: warning: The following parameter of MayaFlux::Core::VKContext::initialize(const GlobalGraphicsConfig &graphics_config, bool enable_validation=true, const std::vector< const char * > &required_extensions={}) is not documented:
  parameter 'graphics_config'
/home/runner/work/MayaFlux/MayaFlux/src/MayaFlux/Core/Backends/Graphics/Vulkan/VKShaderModule.hpp:212: warning: explicit link request to 'include' could not be resolved
/home/runner/work/MayaFlux/MayaFlux/src/MayaFlux/Core/Backends/Graphics/Vulkan/VKShaderModule.hpp:235: warning: explicit link request to 'include' could not be resolved
/home/runner/work/MayaFlux/MayaFlux/src/MayaFlux/Core/Backends/Graphics/Vulkan/VulkanBackend.hpp:79: warning: argument 'window' of command @param is not found in the argument list of MayaFlux::Core::VulkanBackend::begin_frame(std::shared_ptr< Window >)
/home/runner/work/MayaFlux/MayaFlux/src/MayaFlux/Core/Backends/Graphics/Vulkan/VulkanBackend.hpp:100: warning: argument 'window' of command @param is not found in the argument list of MayaFlux::Core::VulkanBackend::end_frame(std::shared_ptr< Window >)
/home/runner/work/MayaFlux/MayaFlux/src/Host/Live/Runtime.hpp:51: warning: explicit link request to 'include' could not be resolved
/home/runner/work/MayaFlux/MayaFlux/src/MayaFlux/Transitive/IO/JSONSerializer.hpp:46: warning: The following parameter of MayaFlux::IO::JSONSerializer::encode(const T &value, int indent=2) is not documented:
  parameter 'value'
/home/runner/work/MayaFlux/MayaFlux/src/MayaFlux/IO/SoundFileReader.hpp:345: warning: argument 'ctx' of command @param is not found in the argument list of MayaFlux::IO::SoundFileReader::decode_frames(const std::shared_ptr< FFmpegDemuxContext > &demux, const std::shared_ptr< AudioStreamContext > &audio, uint64_t num_frames, uint64_t offset)
/home/runner/work/MayaFlux/MayaFlux/src/MayaFlux/IO/SoundFileReader.hpp:345: warning: The following parameters of MayaFlux::IO::SoundFileReader::decode_frames(const std::shared_ptr< FFmpegDemuxContext > &demux, const std::shared_ptr< AudioStreamContext > &audio, uint64_t num_frames, uint64_t offset) are not documented:
  parameter 'demux'
  parameter 'audio'
/home/runner/work/MayaFlux/MayaFlux/src/MayaFlux/IO/SoundFileReader.hpp:360: warning: argument 'ctx' of command @param is not found in the argument list of MayaFlux::IO::SoundFileReader::seek_internal(const std::shared_ptr< FFmpegDemuxContext > &demux, const std::shared_ptr< AudioStreamContext > &audio, uint64_t frame_position)
/home/runner/work/MayaFlux/MayaFlux/src/MayaFlux/IO/SoundFileReader.hpp:360: warning: The following parameters of MayaFlux::IO::SoundFileReader::seek_internal(const std::shared_ptr< FFmpegDemuxContext > &demux, const std::shared_ptr< AudioStreamContext > &audio, uint64_t frame_position) are not documented:
  parameter 'demux'
  parameter 'audio'
/home/runner/work/MayaFlux/MayaFlux/src/MayaFlux/IO/VideoEncodeContext.hpp:106: warning: The following parameters of MayaFlux::IO::VideoEncodeContext::encode_frame(const uint8_t *src_data, size_t src_size, uint32_t src_width, uint32_t src_height, FFmpegMuxContext &mux) are not documented:
  parameter 'src_width'
  parameter 'src_height'
/home/runner/work/MayaFlux/MayaFlux/src/MayaFlux/Journal/Archivist.hpp:345: warning: @copybrief or @copydoc target 'error(Component,Context,ExceptionBehavior,std::string_view,std::source_location)' not found
/home/runner/work/MayaFlux/MayaFlux/src/MayaFlux/Journal/Archivist.hpp:345: warning: @copydetails or @copydoc target 'error(Component,Context,ExceptionBehavior,std::string_view,std::source_location)' not found
/home/runner/work/MayaFlux/MayaFlux/src/MayaFlux/Journal/Archivist.hpp:345: warning: The following parameters of MayaFlux::Journal::error(Component component, Context context, std::source_location location, const char *fmt_str, Args &&... args) are not documented:
  parameter 'component'
  parameter 'context'
  parameter 'location'
/home/runner/work/MayaFlux/MayaFlux/src/MayaFlux/Journal/Archivist.hpp:327: warning: The following parameter of MayaFlux::Journal::error(Component component, Context context, std::source_location location, std::string_view message) is not documented:
  parameter 'component'
/home/runner/work/MayaFlux/MayaFlux/src/MayaFlux/Journal/Archivist.hpp:413: warning: argument 'Component' of command @param is not found in the argument list of MayaFlux::Journal::error_rethrow(Component component, Context context, std::source_location location, const char *fmt_str, Args &&... args)
/home/runner/work/MayaFlux/MayaFlux/src/MayaFlux/Journal/Archivist.hpp:413: warning: argument 'Context' of command @param is not found in the argument list of MayaFlux::Journal::error_rethrow(Component component, Context context, std::source_location location, const char *fmt_str, Args &&... args)
/home/runner/work/MayaFlux/MayaFlux/src/MayaFlux/Journal/Archivist.hpp:413: warning: argument 'additional_context' of command @param is not found in the argument list of MayaFlux::Journal::error_rethrow(Component component, Context context, std::source_location location, const char *fmt_str, Args &&... args)
/home/runner/work/MayaFlux/MayaFlux/src/MayaFlux/Journal/Archivist.hpp:413: warning: The following parameters of MayaFlux::Journal::error_rethrow(Component component, Context context, std::source_location location, const char *fmt_str, Args &&... args) are not documented:
  parameter 'component'
  parameter 'context'
/home/runner/work/MayaFlux/MayaFlux/src/MayaFlux/Journal/Archivist.hpp:371: warning: argument 'Component' of command @param is not found in the argument list of MayaFlux::Journal::error_rethrow(Component component, Context context, std::source_location location=std::source_location::current(), std::string_view additional_context="")
/home/runner/work/MayaFlux/MayaFlux/src/MayaFlux/Journal/Archivist.hpp:371: warning: argument 'Context' of command @param is not found in the argument list of MayaFlux::Journal::error_rethrow(Component component, Context context, std::source_location location=std::source_location::current(), std::string_view additional_context="")
/home/runner/work/MayaFlux/MayaFlux/src/MayaFlux/Journal/Archivist.hpp:371: warning: The following parameters of MayaFlux::Journal::error_rethrow(Component component, Context context, std::source_location location=std::source_location::current(), std::string_view additional_context="") are not documented:
  parameter 'component'
  parameter 'context'
/home/runner/work/MayaFlux/MayaFlux/src/MayaFlux/Journal/Archivist.hpp:308: warning: @copybrief or @copydoc target 'fatal(Component,Context,std::string_view,std::source_location)' not found
/home/runner/work/MayaFlux/MayaFlux/src/MayaFlux/Journal/Archivist.hpp:308: warning: @copydetails or @copydoc target 'fatal(Component,Context,std::string_view,std::source_location)' not found
/home/runner/work/MayaFlux/MayaFlux/src/MayaFlux/Journal/Archivist.hpp:308: warning: The following parameters of MayaFlux::Journal::fatal(Component component, Context context, std::source_location location, std::format_string< Args... > fmt_str, Args &&... args) are not documented:
  parameter 'component'
  parameter 'context'
  parameter 'location'
/home/runner/work/MayaFlux/MayaFlux/src/MayaFlux/Journal/Archivist.hpp:278: warning: argument 'message' of command @param is not found in the argument list of MayaFlux::Journal::format_print(const char *fmt_str, Args &&... args)
/home/runner/work/MayaFlux/MayaFlux/src/MayaFlux/Journal/Archivist.hpp:264: warning: argument 'message' of command @param is not found in the argument list of MayaFlux::Journal::format_print(std::format_string< std::remove_cvref_t< Args >... > fmt_str, Args &&... args)
/home/runner/work/MayaFlux/MayaFlux/src/MayaFlux/Journal/Archivist.hpp:264: warning: argument 'msg_or_fmt' of command @param is not found in the argument list of MayaFlux::Journal::format_print(std::format_string< std::remove_cvref_t< Args >... > fmt_str, Args &&... args)
/home/runner/work/MayaFlux/MayaFlux/src/MayaFlux/Journal/Archivist.hpp:264: warning: The following parameter of MayaFlux::Journal::format_print(std::format_string< std::remove_cvref_t< Args >... > fmt_str, Args &&... args) is not documented:
  parameter 'fmt_str'
/home/runner/work/MayaFlux/MayaFlux/src/MayaFlux/Journal/Archivist.hpp:229: warning: argument 'message' of command @param is not found in the argument list of MayaFlux::Journal::log(Component component, Context context, const char *msg_or_fmt, Args &&... args)
/home/runner/work/MayaFlux/MayaFlux/src/MayaFlux/Journal/Archivist.hpp:153: warning: @copybrief or @copydoc target 'scribe(Severity,Component,Context,std::string_view,std::source_location)' not found
/home/runner/work/MayaFlux/MayaFlux/src/MayaFlux/Journal/Archivist.hpp:153: warning: @copydetails or @copydoc target 'scribe(Severity,Component,Context,std::string_view,std::source_location)' not found
/home/runner/work/MayaFlux/MayaFlux/src/MayaFlux/Journal/Archivist.hpp:153: warning: The following parameters of MayaFlux::Journal::scribe(Severity severity, Component component, Context context, std::source_location location, const char *msg_or_fmt, Args &&... args) are not documented:
  parameter 'severity'
  parameter 'component'
  parameter 'context'
  parameter 'location'
/home/runner/work/MayaFlux/MayaFlux/src/MayaFlux/Journal/Archivist.hpp:191: warning: @copybrief or @copydoc target 'scribe_rt(Severity,Component,Context,std::string_view,std::source_location)' not found
/home/runner/work/MayaFlux/MayaFlux/src/MayaFlux/Journal/Archivist.hpp:191: warning: @copydetails or @copydoc target 'scribe_rt(Severity,Component,Context,std::string_view,std::source_location)' not found
/home/runner/work/MayaFlux/MayaFlux/src/MayaFlux/Journal/Archivist.hpp:191: warning: The following parameters of MayaFlux::Journal::scribe_rt(Severity severity, Component component, Context context, std::source_location location, const char *msg_or_fmt, Args &&... args) are not documented:
  parameter 'severity'
  parameter 'component'
  parameter 'context'
  parameter 'location'
/home/runner/work/MayaFlux/MayaFlux/src/MayaFlux/Kakshya/NDData/VertexAccess.hpp:73: warning: argument 'variant' of command @param is not found in the argument list of MayaFlux::Kakshya::as_vertex_access(std::span< const DataVariant > channels, const VertexAccessConfig &config={})
/home/runner/work/MayaFlux/MayaFlux/src/MayaFlux/Kakshya/NDData/VertexAccess.hpp:73: warning: The following parameters of MayaFlux::Kakshya::as_vertex_access(std::span< const DataVariant > channels, const VertexAccessConfig &config={}) are not documented:
  parameter 'channels'
  parameter 'config'
/home/runner/work/MayaFlux/MayaFlux/src/MayaFlux/Kakshya/Utils/DataUtils.hpp:346: warning: argument 'dest' of command @param is not found in the argument list of MayaFlux::Kakshya::convert_data(std::span< From > source, std::vector< To > &storage, ComplexConversionStrategy strategy=ComplexConversionStrategy::MAGNITUDE)
/home/runner/work/MayaFlux/MayaFlux/src/MayaFlux/Kakshya/Utils/DataUtils.hpp:346: warning: The following parameters of MayaFlux::Kakshya::convert_data(std::span< From > source, std::vector< To > &storage, ComplexConversionStrategy strategy=ComplexConversionStrategy::MAGNITUDE) are not documented:
  parameter 'storage'
  parameter 'strategy'
/home/runner/work/MayaFlux/MayaFlux/src/MayaFlux/Kakshya/Utils/DataUtils.hpp:376: warning: The following parameter of MayaFlux::Kakshya::convert_variant(DataVariant &variant, ComplexConversionStrategy strategy=ComplexConversionStrategy::MAGNITUDE) is not documented:
  parameter 'strategy'
/home/runner/work/MayaFlux/MayaFlux/src/MayaFlux/Kakshya/Utils/DataUtils.hpp:437: warning: argument 'variant' of command @param is not found in the argument list of MayaFlux::Kakshya::extract_data(std::span< const From > source, std::vector< To > &destination, ComplexConversionStrategy strategy=ComplexConversionStrategy::MAGNITUDE)
/home/runner/work/MayaFlux/MayaFlux/src/MayaFlux/Kakshya/Utils/DataUtils.hpp:437: warning: The following parameters of MayaFlux::Kakshya::extract_data(std::span< const From > source, std::vector< To > &destination, ComplexConversionStrategy strategy=ComplexConversionStrategy::MAGNITUDE) are not documented:
  parameter 'source'
  parameter 'destination'
  parameter 'strategy'
/home/runner/work/MayaFlux/MayaFlux/src/MayaFlux/Kakshya/Utils/DataUtils.hpp:472: warning: The following parameters of MayaFlux::Kakshya::extract_from_variant(const DataVariant &variant, std::vector< T > &storage, ComplexConversionStrategy strategy=ComplexConversionStrategy::MAGNITUDE) are not documented:
  parameter 'storage'
  parameter 'strategy'
/home/runner/work/MayaFlux/MayaFlux/src/MayaFlux/Kakshya/Utils/RegionUtils.hpp:125: warning: argument 'source_variants' of command @param is not found in the argument list of MayaFlux::Kakshya::extract_region_data(const std::vector< std::span< const T > > &source_data, const Region &region, const std::vector< DataDimension > &dimensions, bool flatten=false)
/home/runner/work/MayaFlux/MayaFlux/src/MayaFlux/Kakshya/Utils/RegionUtils.hpp:125: warning: The following parameter of MayaFlux::Kakshya::extract_region_data(const std::vector< std::span< const T > > &source_data, const Region &region, const std::vector< DataDimension > &dimensions, bool flatten=false) is not documented:
  parameter 'source_data'
/home/runner/work/MayaFlux/MayaFlux/src/MayaFlux/Kakshya/NDData/VertexFormats.hpp:218: warning: The following parameter of MayaFlux::Kakshya::to_mesh_vertex(const Vertex &s, glm::vec2 weight_range={ 0.0F, 1.0F }) is not documented:
  parameter 'weight_range'
/home/runner/work/MayaFlux/MayaFlux/src/MayaFlux/Kakshya/Utils/CoordUtils.hpp:76: warning: argument 'loop_start' of command @param is not found in the argument list of MayaFlux::Kakshya::wrap_position_with_loop(const std::vector< uint64_t > &position, const Region &loop_region, bool looping_enabled)
/home/runner/work/MayaFlux/MayaFlux/src/MayaFlux/Kakshya/Utils/CoordUtils.hpp:76: warning: argument 'loop_end' of command @param is not found in the argument list of MayaFlux::Kakshya::wrap_position_with_loop(const std::vector< uint64_t > &position, const Region &loop_region, bool looping_enabled)
/home/runner/work/MayaFlux/MayaFlux/src/MayaFlux/Kakshya/Utils/CoordUtils.hpp:76: warning: The following parameter of MayaFlux::Kakshya::wrap_position_with_loop(const std::vector< uint64_t > &position, const Region &loop_region, bool looping_enabled) is not documented:
  parameter 'loop_region'
/home/runner/work/MayaFlux/MayaFlux/src/MayaFlux/Kakshya/NDData/NDData.hpp:328: warning: argument 'count' of command @param is not found in the argument list of MayaFlux::Kakshya::DataDimension::spatial_1d(uint64_t width)
/home/runner/work/MayaFlux/MayaFlux/src/MayaFlux/Kakshya/NDData/NDData.hpp:328: warning: argument 'name' of command @param is not found in the argument list of MayaFlux::Kakshya::DataDimension::spatial_1d(uint64_t width)
/home/runner/work/MayaFlux/MayaFlux/src/MayaFlux/Kakshya/NDData/NDData.hpp:328: warning: The following parameter of MayaFlux::Kakshya::DataDimension::spatial_1d(uint64_t width) is not documented:
  parameter 'width'
/home/runner/work/MayaFlux/MayaFlux/src/MayaFlux/Kakshya/Source/PlotContainer.hpp:253: warning: argument 'channel' of command @param is not found in the argument list of MayaFlux::Kakshya::PlotContainer::channel_data(size_t channel_index) inherited from member channel_data at line 272 in file /home/runner/work/MayaFlux/MayaFlux/src/MayaFlux/Kakshya/SignalSourceContainer.hpp
/home/runner/work/MayaFlux/MayaFlux/src/MayaFlux/Kakshya/SignalSourceContainer.hpp:272: warning: The following parameter of MayaFlux::Kakshya::PlotContainer::channel_data(size_t channel_index) is not documented:
  parameter 'channel_index'
/home/runner/work/MayaFlux/MayaFlux/src/MayaFlux/Kakshya/SignalSourceContainer.hpp:272: warning: argument 'channel' of command @param is not found in the argument list of MayaFlux::Kakshya::SignalSourceContainer::channel_data(size_t channel_index)=0
/home/runner/work/MayaFlux/MayaFlux/src/MayaFlux/Kakshya/SignalSourceContainer.hpp:272: warning: The following parameter of MayaFlux::Kakshya::SignalSourceContainer::channel_data(size_t channel_index)=0 is not documented:
  parameter 'channel_index'
/home/runner/work/MayaFlux/MayaFlux/src/MayaFlux/Kakshya/Source/SoundFileContainer.hpp:63: warning: MayaFlux::Kakshya::SoundFileContainer::get_duration_seconds has @param documentation sections but no arguments
/home/runner/work/MayaFlux/MayaFlux/src/MayaFlux/Kakshya/Source/TextureContainer.hpp:352: warning: argument 'channel' of command @param is not found in the argument list of MayaFlux::Kakshya::TextureContainer::channel_data(size_t channel_index) inherited from member channel_data at line 272 in file /home/runner/work/MayaFlux/MayaFlux/src/MayaFlux/Kakshya/SignalSourceContainer.hpp
/home/runner/work/MayaFlux/MayaFlux/src/MayaFlux/Kakshya/SignalSourceContainer.hpp:272: warning: The following parameter of MayaFlux::Kakshya::TextureContainer::channel_data(size_t channel_index) is not documented:
  parameter 'channel_index'
/home/runner/work/MayaFlux/MayaFlux/src/MayaFlux/Kakshya/Source/VideoStreamContainer.hpp:298: warning: argument 'channel' of command @param is not found in the argument list of MayaFlux::Kakshya::VideoStreamContainer::channel_data(size_t channel_index) inherited from member channel_data at line 272 in file /home/runner/work/MayaFlux/MayaFlux/src/MayaFlux/Kakshya/SignalSourceContainer.hpp
/home/runner/work/MayaFlux/MayaFlux/src/MayaFlux/Kakshya/SignalSourceContainer.hpp:272: warning: The following parameter of MayaFlux::Kakshya::VideoStreamContainer::channel_data(size_t channel_index) is not documented:
  parameter 'channel_index'
/home/runner/work/MayaFlux/MayaFlux/src/MayaFlux/Kakshya/Processors/VisionProcessor.hpp:37: warning: The following parameter of MayaFlux::Kakshya::VisionProcessor::VisionProcessor(Kinesis::Vision::VisionSequence sequence, bool force_cpu=false) is not documented:
  parameter 'force_cpu'
/home/runner/work/MayaFlux/MayaFlux/src/MayaFlux/Kakshya/Source/WindowContainer.hpp:300: warning: argument 'channel' of command @param is not found in the argument list of MayaFlux::Kakshya::WindowContainer::channel_data(size_t channel_index) inherited from member channel_data at line 272 in file /home/runner/work/MayaFlux/MayaFlux/src/MayaFlux/Kakshya/SignalSourceContainer.hpp
/home/runner/work/MayaFlux/MayaFlux/src/MayaFlux/Kakshya/SignalSourceContainer.hpp:272: warning: The following parameter of MayaFlux::Kakshya::WindowContainer::channel_data(size_t channel_index) is not documented:
  parameter 'channel_index'
/home/runner/work/MayaFlux/MayaFlux/src/MayaFlux/Kinesis/GeometryPrimitives.hpp:220: warning: argument 'default_thickness' of command @param is not found in the argument list of MayaFlux::Kinesis::apply_color_gradient(const std::vector< glm::vec3 > &positions, const std::vector< glm::vec3 > &colors, const std::vector< float > &color_positions={}, float scalar=1.0F)
/home/runner/work/MayaFlux/MayaFlux/src/MayaFlux/Kinesis/GeometryPrimitives.hpp:220: warning: The following parameter of MayaFlux::Kinesis::apply_color_gradient(const std::vector< glm::vec3 > &positions, const std::vector< glm::vec3 > &colors, const std::vector< float > &color_positions={}, float scalar=1.0F) is not documented:
  parameter 'scalar'
/home/runner/work/MayaFlux/MayaFlux/src/MayaFlux/Kinesis/GeometryPrimitives.hpp:341: warning: The following parameter of MayaFlux::Kinesis::generate_grid(const glm::vec3 &center, float extent_x, float extent_z, uint32_t cols, uint32_t rows, const glm::vec3 &normal=glm::vec3(0.0F, 1.0F, 0.0F)) is not documented:
  parameter 'normal'
/home/runner/work/MayaFlux/MayaFlux/src/MayaFlux/Kinesis/Discrete/Analysis.hpp:313: warning: The following parameters of MayaFlux::Kinesis::Discrete::coefficient_of_variation(std::span< const double > data, size_t n_windows, uint32_t hop_size, uint32_t window_size, bool sample_variance=true) are not documented:
  parameter 'data'
  parameter 'n_windows'
  parameter 'hop_size'
  parameter 'window_size'
/home/runner/work/MayaFlux/MayaFlux/src/MayaFlux/Kinesis/Discrete/Analysis.hpp:244: warning: The following parameters of MayaFlux::Kinesis::Discrete::entropy(std::span< const double > data, size_t n_windows, uint32_t hop_size, uint32_t window_size, size_t num_bins=0) are not documented:
  parameter 'data'
  parameter 'n_windows'
  parameter 'hop_size'
  parameter 'window_size'
/home/runner/work/MayaFlux/MayaFlux/src/MayaFlux/Kinesis/Discrete/Analysis.hpp:339: warning: The following parameters of MayaFlux::Kinesis::Discrete::mean_zscore(std::span< const double > data, size_t n_windows, uint32_t hop_size, uint32_t window_size, bool sample_variance=true) are not documented:
  parameter 'data'
  parameter 'n_windows'
  parameter 'hop_size'
  parameter 'window_size'
/home/runner/work/MayaFlux/MayaFlux/src/MayaFlux/Kinesis/Discrete/Analysis.hpp:233: warning: argument 'percentile' of command @param is not found in the argument list of MayaFlux::Kinesis::Discrete::percentile(std::span< const double > data, size_t n_windows, uint32_t hop_size, uint32_t window_size, double percentile_value)
/home/runner/work/MayaFlux/MayaFlux/src/MayaFlux/Kinesis/Discrete/Analysis.hpp:233: warning: The following parameters of MayaFlux::Kinesis::Discrete::percentile(std::span< const double > data, size_t n_windows, uint32_t hop_size, uint32_t window_size, double percentile_value) are not documented:
  parameter 'data'
  parameter 'n_windows'
  parameter 'hop_size'
  parameter 'window_size'
  parameter 'percentile_value'
/home/runner/work/MayaFlux/MayaFlux/src/MayaFlux/Kinesis/Discrete/Analysis.hpp:191: warning: The following parameters of MayaFlux::Kinesis::Discrete::std_dev(std::span< const double > data, size_t n_windows, uint32_t hop_size, uint32_t window_size, bool sample_variance=true) are not documented:
  parameter 'data'
  parameter 'n_windows'
  parameter 'hop_size'
  parameter 'window_size'
/home/runner/work/MayaFlux/MayaFlux/src/MayaFlux/Kinesis/Discrete/Analysis.hpp:180: warning: The following parameters of MayaFlux::Kinesis::Discrete::variance(std::span< const double > data, size_t n_windows, uint32_t hop_size, uint32_t window_size, bool sample_variance=true) are not documented:
  parameter 'data'
  parameter 'n_windows'
  parameter 'hop_size'
  parameter 'window_size'
/home/runner/work/MayaFlux/MayaFlux/src/MayaFlux/Kinesis/Vision/PixelOps.hpp:97: warning: argument 'value' of command @param is not found in the argument list of MayaFlux::Kinesis::Vision::gray_to_rgba(std::span< const float > gray, std::span< float > dst, uint32_t w, uint32_t h)
/home/runner/work/MayaFlux/MayaFlux/src/MayaFlux/Kinesis/Vision/PixelOps.hpp:97: warning: The following parameters of MayaFlux::Kinesis::Vision::gray_to_rgba(std::span< const float > gray, std::span< float > dst, uint32_t w, uint32_t h) are not documented:
  parameter 'w'
  parameter 'h'
/home/runner/work/MayaFlux/MayaFlux/src/MayaFlux/Kriya/Tasks.hpp:123: warning: The following parameter of MayaFlux::Kriya::pattern(std::function< std::any(uint64_t)> pattern_func, std::function< void(std::any)> callback, double interval_seconds, Vruta::ProcessingToken token=Vruta::ProcessingToken::SAMPLE_ACCURATE) is not documented:
  parameter 'token'
/home/runner/work/MayaFlux/MayaFlux/src/MayaFlux/Kriya/Tasks.hpp:53: warning: argument 'scheduler' of command @param is not found in the argument list of MayaFlux::Kriya::sequence(std::vector< std::pair< double, std::function< void()> > > sequence, Vruta::ProcessingToken token=Vruta::ProcessingToken::SAMPLE_ACCURATE)
/home/runner/work/MayaFlux/MayaFlux/src/MayaFlux/Kriya/BufferPipeline.hpp:374: warning: argument 'max_cycles' of command @param is not found in the argument list of MayaFlux::Kriya::BufferPipeline::mark_data_consumed(uint32_t operation_index)
/home/runner/work/MayaFlux/MayaFlux/src/MayaFlux/Transitive/Memory/RingBuffer.hpp:128: warning: explicit link request to 'vector' could not be resolved
/home/runner/work/MayaFlux/MayaFlux/src/MayaFlux/Nexus/Pheme/Sinks.hpp:129: warning: argument 'window' of command @param is not found in the argument list of MayaFlux::Nexus::add_render_sink(std::vector< RenderSink > &sinks, Buffers::BufferManager &mgr, const Portal::Graphics::RenderConfig &config, RenderFn fn={}, std::string fn_name={}, const std::optional< glm::vec3 > &initial_position={})
/home/runner/work/MayaFlux/MayaFlux/src/MayaFlux/Nexus/Pheme/Sinks.hpp:129: warning: The following parameter of MayaFlux::Nexus::add_render_sink(std::vector< RenderSink > &sinks, Buffers::BufferManager &mgr, const Portal::Graphics::RenderConfig &config, RenderFn fn={}, std::string fn_name={}, const std::optional< glm::vec3 > &initial_position={}) is not documented:
  parameter 'config'
/home/runner/work/MayaFlux/MayaFlux/src/MayaFlux/Nexus/State/Encoder.hpp:48: warning: The following parameter of MayaFlux::Nexus::StateEncoder::encode(const Tapestry &tapestry, const std::string &base_dir, nlohmann::json user_state={}) is not documented:
  parameter 'user_state'
/home/runner/work/MayaFlux/MayaFlux/src/MayaFlux/Nodes/Conduit/NodeChain.hpp:30: warning: argument 'manager' of command @param is not found in the argument list of MayaFlux::Nodes::ChainNode::ChainNode(std::vector< std::shared_ptr< Node > > nodes)
/home/runner/work/MayaFlux/MayaFlux/src/MayaFlux/Nodes/Conduit/NodeChain.hpp:30: warning: argument 'token' of command @param is not found in the argument list of MayaFlux::Nodes::ChainNode::ChainNode(std::vector< std::shared_ptr< Node > > nodes)
/home/runner/work/MayaFlux/MayaFlux/src/MayaFlux/Nodes/Node.hpp:271: warning: argument 'bMock_process' of command @param is not found in the argument list of MayaFlux::Nodes::Node::enable_mock_process(bool mock_process)
/home/runner/work/MayaFlux/MayaFlux/src/MayaFlux/Nodes/Node.hpp:271: warning: The following parameter of MayaFlux::Nodes::Node::enable_mock_process(bool mock_process) is not documented:
  parameter 'mock_process'
/home/runner/work/MayaFlux/MayaFlux/src/MayaFlux/Nodes/Node.hpp:627: warning: MayaFlux::Nodes::Node::is_in_network has @param documentation sections but no arguments
/home/runner/work/MayaFlux/MayaFlux/src/MayaFlux/Nodes/Node.hpp:97: warning: argument 'type' of command @param is not found in the argument list of MayaFlux::Nodes::NodeContext::NodeContext(double value)
/home/runner/work/MayaFlux/MayaFlux/src/MayaFlux/Nodes/NodeGraphManager.hpp:293: warning: The following parameter of MayaFlux::Nodes::NodeGraphManager::get_networks(ProcessingToken token, uint32_t channel=0) const is not documented:
  parameter 'channel'
/home/runner/work/MayaFlux/MayaFlux/src/MayaFlux/Nodes/NodeGraphManager.hpp:285: warning: argument 'channel' of command @param is not found in the argument list of MayaFlux::Nodes::NodeGraphManager::remove_network(const std::shared_ptr< Network::NodeNetwork > &network, ProcessingToken token)
/home/runner/work/MayaFlux/MayaFlux/src/MayaFlux/Nodes/Filters/Filter.hpp:353: warning: argument 'frequency' of command @param is not found in the argument list of MayaFlux::Nodes::Filters::Filter::process_batch(unsigned int num_samples)
/home/runner/work/MayaFlux/MayaFlux/src/MayaFlux/Nodes/Filters/Filter.hpp:353: warning: argument 'sample_rate' of command @param is not found in the argument list of MayaFlux::Nodes::Filters::Filter::process_batch(unsigned int num_samples)
/home/runner/work/MayaFlux/MayaFlux/src/MayaFlux/Nodes/Filters/Filter.hpp:353: warning: The following parameter of MayaFlux::Nodes::Filters::Filter::process_batch(unsigned int num_samples) is not documented:
  parameter 'num_samples'
/home/runner/work/MayaFlux/MayaFlux/src/MayaFlux/Nodes/Graphics/GpuSync.hpp:35: warning: argument 'input' of command @param is not found in the argument list of MayaFlux::Nodes::GpuSync::GpuSync::process_sample(double)
/home/runner/work/MayaFlux/MayaFlux/src/MayaFlux/Nodes/Graphics/PointCollectionNode.hpp:32: warning: argument 'position' of command @param is not found in the argument list of MayaFlux::Nodes::GpuSync::PointCollectionNode::add_point(const PointVertex &point)
/home/runner/work/MayaFlux/MayaFlux/src/MayaFlux/Nodes/Graphics/PointCollectionNode.hpp:32: warning: The following parameter of MayaFlux::Nodes::GpuSync::PointCollectionNode::add_point(const PointVertex &point) is not documented:
  parameter 'point'
/home/runner/work/MayaFlux/MayaFlux/src/MayaFlux/Nodes/Graphics/PointCollectionNode.hpp:39: warning: argument 'positions' of command @param is not found in the argument list of MayaFlux::Nodes::GpuSync::PointCollectionNode::add_points(const std::vector< PointVertex > &points)
/home/runner/work/MayaFlux/MayaFlux/src/MayaFlux/Nodes/Graphics/PointCollectionNode.hpp:39: warning: The following parameter of MayaFlux::Nodes::GpuSync::PointCollectionNode::add_points(const std::vector< PointVertex > &points) is not documented:
  parameter 'points'
/home/runner/work/MayaFlux/MayaFlux/src/MayaFlux/Nodes/Graphics/PointCollectionNode.hpp:45: warning: argument 'positions' of command @param is not found in the argument list of MayaFlux::Nodes::GpuSync::PointCollectionNode::set_points(const std::vector< PointVertex > &points)
/home/runner/work/MayaFlux/MayaFlux/src/MayaFlux/Nodes/Graphics/PointCollectionNode.hpp:45: warning: The following parameter of MayaFlux::Nodes::GpuSync::PointCollectionNode::set_points(const std::vector< PointVertex > &points) is not documented:
  parameter 'points'
/home/runner/work/MayaFlux/MayaFlux/src/MayaFlux/Nodes/Graphics/PointCollectionNode.hpp:51: warning: argument 'position' of command @param is not found in the argument list of MayaFlux::Nodes::GpuSync::PointCollectionNode::update_point(size_t index, const PointVertex &point)
/home/runner/work/MayaFlux/MayaFlux/src/MayaFlux/Nodes/Graphics/PointCollectionNode.hpp:51: warning: The following parameter of MayaFlux::Nodes::GpuSync::PointCollectionNode::update_point(size_t index, const PointVertex &point) is not documented:
  parameter 'point'
/home/runner/work/MayaFlux/MayaFlux/src/MayaFlux/Nodes/Graphics/TopologyGeneratorNode.hpp:258: warning: argument 'func' of command @param is not found in the argument list of MayaFlux::Nodes::GpuSync::TopologyGeneratorNode::set_path_interpolation_mode(Kinesis::InterpolationMode mode)
/home/runner/work/MayaFlux/MayaFlux/src/MayaFlux/Nodes/Graphics/TopologyGeneratorNode.hpp:258: warning: The following parameter of MayaFlux::Nodes::GpuSync::TopologyGeneratorNode::set_path_interpolation_mode(Kinesis::InterpolationMode mode) is not documented:
  parameter 'mode'
/home/runner/work/MayaFlux/MayaFlux/src/MayaFlux/Nodes/Network/ModalNetwork.hpp:151: warning: argument 'index' of command @param is not found in the argument list of MayaFlux::Nodes::Network::ModalNetwork::get_node_audio_buffer(size_t) const inherited from member get_node_audio_buffer at line 159 in file /home/runner/work/MayaFlux/MayaFlux/src/MayaFlux/Nodes/Network/NodeNetwork.hpp
/home/runner/work/MayaFlux/MayaFlux/src/MayaFlux/Nodes/Network/NodeNetwork.hpp:509: warning: The following parameter of MayaFlux::Nodes::Network::NodeNetwork::extract_node_samples(const std::shared_ptr< Nodes::Node > &node, std::vector< double > &buffer, size_t &buffer_pos, size_t num_samples) is not documented:
  parameter 'num_samples'
/home/runner/work/MayaFlux/MayaFlux/src/MayaFlux/Nodes/Network/NodeNetwork.hpp:159: warning: argument 'index' of command @param is not found in the argument list of MayaFlux::Nodes::Network::NodeNetwork::get_node_audio_buffer(size_t) const
/home/runner/work/MayaFlux/MayaFlux/src/MayaFlux/Nodes/Network/Operators/PathOperator.hpp:31: warning: argument 'control_points' of command @param is not found in the argument list of MayaFlux::Nodes::Network::PathOperator::add_path(const std::vector< LineVertex > &control_vertices, Kinesis::InterpolationMode mode, uint32_t default_samples_per_segment=32, size_t max_control_points=64, double tension=0.5)
/home/runner/work/MayaFlux/MayaFlux/src/MayaFlux/Nodes/Network/Operators/PathOperator.hpp:31: warning: The following parameter of MayaFlux::Nodes::Network::PathOperator::add_path(const std::vector< LineVertex > &control_vertices, Kinesis::InterpolationMode mode, uint32_t default_samples_per_segment=32, size_t max_control_points=64, double tension=0.5) is not documented:
  parameter 'control_vertices'
/home/runner/work/MayaFlux/MayaFlux/src/MayaFlux/Nodes/Network/PointCloudNetwork.hpp:167: warning: argument 'colors' of command @param is not found in the argument list of MayaFlux::Nodes::Network::PointCloudNetwork::apply_color_gradient(const glm::vec3 &start_color, const glm::vec3 &end_color)
/home/runner/work/MayaFlux/MayaFlux/src/MayaFlux/Nodes/Network/ResonatorNetwork.hpp:320: warning: argument 'index' of command @param is not found in the argument list of MayaFlux::Nodes::Network::ResonatorNetwork::get_node_audio_buffer(size_t) const inherited from member get_node_audio_buffer at line 159 in file /home/runner/work/MayaFlux/MayaFlux/src/MayaFlux/Nodes/Network/NodeNetwork.hpp
/home/runner/work/MayaFlux/MayaFlux/src/MayaFlux/Nodes/Network/Operators/TopologyOperator.hpp:78: warning: argument 'k' of command @param is not found in the argument list of MayaFlux::Nodes::Network::TopologyOperator::set_global_line_thickness(float thickness)
/home/runner/work/MayaFlux/MayaFlux/src/MayaFlux/Nodes/Network/Operators/TopologyOperator.hpp:78: warning: The following parameter of MayaFlux::Nodes::Network::TopologyOperator::set_global_line_thickness(float thickness) is not documented:
  parameter 'thickness'
/home/runner/work/MayaFlux/MayaFlux/src/MayaFlux/Nodes/Network/WaveguideNetwork.hpp:204: warning: argument 'index' of command @param is not found in the argument list of MayaFlux::Nodes::Network::WaveguideNetwork::get_node_audio_buffer(size_t) const inherited from member get_node_audio_buffer at line 159 in file /home/runner/work/MayaFlux/MayaFlux/src/MayaFlux/Nodes/Network/NodeNetwork.hpp
/home/runner/work/MayaFlux/MayaFlux/src/MayaFlux/Portal/Forma/Bridge.hpp:141: warning: argument 'target' of command @param is not found in the argument list of MayaFlux::Portal::Forma::Bridge::write(uint32_t id, const std::shared_ptr< Buffers::VKBuffer > &target_buffer, const std::string &shader_path, uint32_t offset, size_t size=sizeof(float))
/home/runner/work/MayaFlux/MayaFlux/src/MayaFlux/Portal/Forma/Bridge.hpp:141: warning: The following parameters of MayaFlux::Portal::Forma::Bridge::write(uint32_t id, const std::shared_ptr< Buffers::VKBuffer > &target_buffer, const std::string &shader_path, uint32_t offset, size_t size=sizeof(float)) are not documented:
  parameter 'target_buffer'
  parameter 'shader_path'
/home/runner/work/MayaFlux/MayaFlux/src/MayaFlux/Portal/Forma/Bridge.hpp:516: warning: Unsupported xml/html tag <double> found
/home/runner/work/MayaFlux/MayaFlux/src/MayaFlux/Portal/Forma/Bridge.hpp:516: warning: Unsupported xml/html tag <double> found
/home/runner/work/MayaFlux/MayaFlux/src/MayaFlux/Portal/Graphics/ShaderUtils.hpp:92: warning: explicit link request to 'include' could not be resolved
/home/runner/work/MayaFlux/MayaFlux/src/MayaFlux/Portal/Graphics/ShaderUtils.hpp:92: warning: explicit link request to 'include' could not be resolved
/home/runner/work/MayaFlux/MayaFlux/src/MayaFlux/Portal/Graphics/ShaderFoundry.hpp:335: warning: explicit link request to 'define' could not be resolved
/home/runner/work/MayaFlux/MayaFlux/src/MayaFlux/Portal/Graphics/ShaderFoundry.hpp:326: warning: explicit link request to 'include' could not be resolved
/home/runner/work/MayaFlux/MayaFlux/src/MayaFlux/Portal/Graphics/ShaderFoundry.hpp:365: warning: argument 'pipeline_id' of command @param is not found in the argument list of MayaFlux::Portal::Graphics::ShaderFoundry::allocate_descriptor_set(vk::DescriptorSetLayout layout)
/home/runner/work/MayaFlux/MayaFlux/src/MayaFlux/Portal/Graphics/ShaderFoundry.hpp:365: warning: argument 'set_index' of command @param is not found in the argument list of MayaFlux::Portal::Graphics::ShaderFoundry::allocate_descriptor_set(vk::DescriptorSetLayout layout)
/home/runner/work/MayaFlux/MayaFlux/src/MayaFlux/Portal/Graphics/ShaderFoundry.hpp:365: warning: The following parameter of MayaFlux::Portal::Graphics::ShaderFoundry::allocate_descriptor_set(vk::DescriptorSetLayout layout) is not documented:
  parameter 'layout'
/home/runner/work/MayaFlux/MayaFlux/src/MayaFlux/Portal/Graphics/ShaderFoundry.hpp:438: warning: The following parameter of MayaFlux::Portal::Graphics::ShaderFoundry::begin_secondary_commands(vk::Format color_format, vk::Format depth_format=vk::Format::eUndefined) is not documented:
  parameter 'depth_format'
/home/runner/work/MayaFlux/MayaFlux/src/MayaFlux/Portal/Graphics/ShaderFoundry.hpp:536: warning: argument 'fence_id' of command @param is not found in the argument list of MayaFlux::Portal::Graphics::ShaderFoundry::get_semaphore_handle(SemaphoreID semaphore_id)
/home/runner/work/MayaFlux/MayaFlux/src/MayaFlux/Portal/Graphics/ShaderFoundry.hpp:536: warning: The following parameter of MayaFlux::Portal::Graphics::ShaderFoundry::get_semaphore_handle(SemaphoreID semaphore_id) is not documented:
  parameter 'semaphore_id'
/home/runner/work/MayaFlux/MayaFlux/src/MayaFlux/Portal/Graphics/TextureLoom.hpp:250: warning: argument 'deferred.' of command @param is not found in the argument list of MayaFlux::Portal::Graphics::TextureLoom::upload_data(const std::shared_ptr< Core::VKImage > &image, const void *data, size_t size, const std::shared_ptr< Buffers::VKBuffer > &staging, bool deferred=false)
/home/runner/work/MayaFlux/MayaFlux/src/MayaFlux/Portal/Graphics/TextureLoom.hpp:250: warning: The following parameter of MayaFlux::Portal::Graphics::TextureLoom::upload_data(const std::shared_ptr< Core::VKImage > &image, const void *data, size_t size, const std::shared_ptr< Buffers::VKBuffer > &staging, bool deferred=false) is not documented:
  parameter 'deferred'
/home/runner/work/MayaFlux/MayaFlux/src/MayaFlux/Portal/Graphics/ShaderFoundry.hpp:33: warning: Unsupported xml/html tag <name> found
/home/runner/work/MayaFlux/MayaFlux/src/MayaFlux/Portal/Graphics/ShaderFoundry.hpp:33: warning: Unsupported xml/html tag <name> found
/home/runner/work/MayaFlux/MayaFlux/src/MayaFlux/Portal/Text/FontDiscovery.hpp:12: warning: Found unknown command '\Fonts'
/home/runner/work/MayaFlux/MayaFlux/src/MayaFlux/Portal/Text/TypeSetter.hpp:44: warning: Found unknown command '\r'
/home/runner/work/MayaFlux/MayaFlux/src/MayaFlux/Portal/Text/TypeSetter.hpp:43: warning: The following parameter of MayaFlux::Portal::Text::lay_out(std::string_view text, GlyphAtlas &atlas, float pen_x=0.F, float pen_y=0.F, uint32_t wrap_w=0) is not documented:
  parameter 'wrap_w'
/home/runner/work/MayaFlux/MayaFlux/src/MayaFlux/Portal/Text/TypeFaceFoundry.hpp:57: warning: argument 'family' of command @param is not found in the argument list of MayaFlux::Portal::Text::TypeFaceFoundry::set_default_font(const std::string &path, uint32_t pixel_size, uint32_t atlas_size=512)
/home/runner/work/MayaFlux/MayaFlux/src/MayaFlux/Portal/Text/TypeFaceFoundry.hpp:57: warning: argument 'style' of command @param is not found in the argument list of MayaFlux::Portal::Text::TypeFaceFoundry::set_default_font(const std::string &path, uint32_t pixel_size, uint32_t atlas_size=512)
/home/runner/work/MayaFlux/MayaFlux/src/MayaFlux/Portal/Text/TypeFaceFoundry.hpp:57: warning: The following parameter of MayaFlux::Portal::Text::TypeFaceFoundry::set_default_font(const std::string &path, uint32_t pixel_size, uint32_t atlas_size=512) is not documented:
  parameter 'path'
/home/runner/work/MayaFlux/MayaFlux/src/MayaFlux/Vruta/Routine.hpp:657: warning: argument 'current_sample' of command @param is not found in the argument list of MayaFlux::Vruta::CrossRoutine::initialize_state(uint64_t current_context=0U) inherited from member initialize_state at line 35 in file /home/runner/work/MayaFlux/MayaFlux/src/MayaFlux/Vruta/Routine.hpp
/home/runner/work/MayaFlux/MayaFlux/src/MayaFlux/Vruta/Routine.hpp:35: warning: The following parameter of MayaFlux::Vruta::CrossRoutine::initialize_state(uint64_t current_context=0U) is not documented:
  parameter 'current_context'
/home/runner/work/MayaFlux/MayaFlux/src/MayaFlux/Vruta/Routine.hpp:671: warning: argument 'context' of command @param is not found in the argument list of MayaFlux::Vruta::CrossRoutine::set_delay_context(DelayContext) inherited from member set_delay_context at line 182 in file /home/runner/work/MayaFlux/MayaFlux/src/MayaFlux/Vruta/Routine.hpp
/home/runner/work/MayaFlux/MayaFlux/src/MayaFlux/Vruta/Routine.hpp:658: warning: argument 'current_sample' of command @param is not found in the argument list of MayaFlux::Vruta::CrossRoutine::try_resume(uint64_t current_context) inherited from member try_resume at line 66 in file /home/runner/work/MayaFlux/MayaFlux/src/MayaFlux/Vruta/Routine.hpp
/home/runner/work/MayaFlux/MayaFlux/src/MayaFlux/Vruta/Routine.hpp:66: warning: The following parameter of MayaFlux::Vruta::CrossRoutine::try_resume(uint64_t current_context) is not documented:
  parameter 'current_context'
/home/runner/work/MayaFlux/MayaFlux/src/MayaFlux/Vruta/Routine.hpp:659: warning: argument 'context' of command @param is not found in the argument list of MayaFlux::Vruta::CrossRoutine::try_resume_with_context(uint64_t current_value, DelayContext) inherited from member try_resume_with_context at line 78 in file /home/runner/work/MayaFlux/MayaFlux/src/MayaFlux/Vruta/Routine.hpp
/home/runner/work/MayaFlux/MayaFlux/src/MayaFlux/Vruta/Event.hpp:207: warning: argument 'promise' of command @param is not found in the argument list of MayaFlux::Vruta::Event::update_params_impl(const std::string &key, T value, Args... args)
/home/runner/work/MayaFlux/MayaFlux/src/MayaFlux/Vruta/Routine.hpp:768: warning: argument 'current_sample' of command @param is not found in the argument list of MayaFlux::Vruta::FreeRoutine::initialize_state(uint64_t current_context=0U) inherited from member initialize_state at line 35 in file /home/runner/work/MayaFlux/MayaFlux/src/MayaFlux/Vruta/Routine.hpp
/home/runner/work/MayaFlux/MayaFlux/src/MayaFlux/Vruta/Routine.hpp:35: warning: The following parameter of MayaFlux::Vruta::FreeRoutine::initialize_state(uint64_t current_context=0U) is not documented:
  parameter 'current_context'
/home/runner/work/MayaFlux/MayaFlux/src/MayaFlux/Vruta/Routine.hpp:769: warning: argument 'current_sample' of command @param is not found in the argument list of MayaFlux::Vruta::FreeRoutine::try_resume(uint64_t current_context) inherited from member try_resume at line 66 in file /home/runner/work/MayaFlux/MayaFlux/src/MayaFlux/Vruta/Routine.hpp
/home/runner/work/MayaFlux/MayaFlux/src/MayaFlux/Vruta/Routine.hpp:66: warning: The following parameter of MayaFlux::Vruta::FreeRoutine::try_resume(uint64_t current_context) is not documented:
  parameter 'current_context'
/home/runner/work/MayaFlux/MayaFlux/src/MayaFlux/Vruta/Routine.hpp:770: warning: argument 'context' of command @param is not found in the argument list of MayaFlux::Vruta::FreeRoutine::try_resume_with_context(uint64_t current_value, DelayContext) inherited from member try_resume_with_context at line 78 in file /home/runner/work/MayaFlux/MayaFlux/src/MayaFlux/Vruta/Routine.hpp
/home/runner/work/MayaFlux/MayaFlux/src/MayaFlux/Vruta/Routine.hpp:549: warning: argument 'current_sample' of command @param is not found in the argument list of MayaFlux::Vruta::GraphicsRoutine::initialize_state(uint64_t current_context=0U) inherited from member initialize_state at line 35 in file /home/runner/work/MayaFlux/MayaFlux/src/MayaFlux/Vruta/Routine.hpp
/home/runner/work/MayaFlux/MayaFlux/src/MayaFlux/Vruta/Routine.hpp:35: warning: The following parameter of MayaFlux::Vruta::GraphicsRoutine::initialize_state(uint64_t current_context=0U) is not documented:
  parameter 'current_context'
/home/runner/work/MayaFlux/MayaFlux/src/MayaFlux/Vruta/Routine.hpp:562: warning: argument 'context' of command @param is not found in the argument list of MayaFlux::Vruta::GraphicsRoutine::set_delay_context(DelayContext) inherited from member set_delay_context at line 182 in file /home/runner/work/MayaFlux/MayaFlux/src/MayaFlux/Vruta/Routine.hpp
/home/runner/work/MayaFlux/MayaFlux/src/MayaFlux/Vruta/Routine.hpp:551: warning: argument 'current_sample' of command @param is not found in the argument list of MayaFlux::Vruta::GraphicsRoutine::try_resume(uint64_t current_context) inherited from member try_resume at line 66 in file /home/runner/work/MayaFlux/MayaFlux/src/MayaFlux/Vruta/Routine.hpp
/home/runner/work/MayaFlux/MayaFlux/src/MayaFlux/Vruta/Routine.hpp:66: warning: The following parameter of MayaFlux::Vruta::GraphicsRoutine::try_resume(uint64_t current_context) is not documented:
  parameter 'current_context'
/home/runner/work/MayaFlux/MayaFlux/src/MayaFlux/Vruta/Routine.hpp:553: warning: argument 'context' of command @param is not found in the argument list of MayaFlux::Vruta::GraphicsRoutine::try_resume_with_context(uint64_t current_value, DelayContext) inherited from member try_resume_with_context at line 78 in file /home/runner/work/MayaFlux/MayaFlux/src/MayaFlux/Vruta/Routine.hpp
/home/runner/work/MayaFlux/MayaFlux/src/MayaFlux/Vruta/Routine.hpp:35: warning: argument 'current_sample' of command @param is not found in the argument list of MayaFlux::Vruta::Routine::initialize_state(uint64_t current_context=0U)=0
/home/runner/work/MayaFlux/MayaFlux/src/MayaFlux/Vruta/Routine.hpp:35: warning: The following parameter of MayaFlux::Vruta::Routine::initialize_state(uint64_t current_context=0U)=0 is not documented:
  parameter 'current_context'
/home/runner/work/MayaFlux/MayaFlux/src/MayaFlux/Vruta/Routine.hpp:182: warning: argument 'context' of command @param is not found in the argument list of MayaFlux::Vruta::Routine::set_delay_context(DelayContext)
/home/runner/work/MayaFlux/MayaFlux/src/MayaFlux/Vruta/Routine.hpp:66: warning: argument 'current_sample' of command @param is not found in the argument list of MayaFlux::Vruta::Routine::try_resume(uint64_t current_context)=0
/home/runner/work/MayaFlux/MayaFlux/src/MayaFlux/Vruta/Routine.hpp:66: warning: The following parameter of MayaFlux::Vruta::Routine::try_resume(uint64_t current_context)=0 is not documented:
  parameter 'current_context'
/home/runner/work/MayaFlux/MayaFlux/src/MayaFlux/Vruta/Routine.hpp:78: warning: argument 'context' of command @param is not found in the argument list of MayaFlux::Vruta::Routine::try_resume_with_context(uint64_t current_value, DelayContext)
/home/runner/work/MayaFlux/MayaFlux/src/MayaFlux/Vruta/Routine.hpp:264: warning: argument 'promise' of command @param is not found in the argument list of MayaFlux::Vruta::Routine::update_params_impl(const std::string &key, T value, Args... args)
/home/runner/work/MayaFlux/MayaFlux/src/MayaFlux/Vruta/Promise.hpp:89: warning: explicit link request to 'try_resume' could not be resolved
/home/runner/work/MayaFlux/MayaFlux/src/MayaFlux/Vruta/Routine.hpp:368: warning: argument 'current_sample' of command @param is not found in the argument list of MayaFlux::Vruta::SoundRoutine::initialize_state(uint64_t current_context=0U) inherited from member initialize_state at line 35 in file /home/runner/work/MayaFlux/MayaFlux/src/MayaFlux/Vruta/Routine.hpp
/home/runner/work/MayaFlux/MayaFlux/src/MayaFlux/Vruta/Routine.hpp:35: warning: The following parameter of MayaFlux::Vruta::SoundRoutine::initialize_state(uint64_t current_context=0U) is not documented:
  parameter 'current_context'
/home/runner/work/MayaFlux/MayaFlux/src/MayaFlux/Vruta/Routine.hpp:381: warning: argument 'context' of command @param is not found in the argument list of MayaFlux::Vruta::SoundRoutine::set_delay_context(DelayContext) inherited from member set_delay_context at line 182 in file /home/runner/work/MayaFlux/MayaFlux/src/MayaFlux/Vruta/Routine.hpp
/home/runner/work/MayaFlux/MayaFlux/src/MayaFlux/Vruta/Routine.hpp:370: warning: argument 'current_sample' of command @param is not found in the argument list of MayaFlux::Vruta::SoundRoutine::try_resume(uint64_t current_context) inherited from member try_resume at line 66 in file /home/runner/work/MayaFlux/MayaFlux/src/MayaFlux/Vruta/Routine.hpp
/home/runner/work/MayaFlux/MayaFlux/src/MayaFlux/Vruta/Routine.hpp:66: warning: The following parameter of MayaFlux::Vruta::SoundRoutine::try_resume(uint64_t current_context) is not documented:
  parameter 'current_context'
/home/runner/work/MayaFlux/MayaFlux/src/MayaFlux/Vruta/Routine.hpp:372: warning: argument 'context' of command @param is not found in the argument list of MayaFlux::Vruta::SoundRoutine::try_resume_with_context(uint64_t current_value, DelayContext) inherited from member try_resume_with_context at line 78 in file /home/runner/work/MayaFlux/MayaFlux/src/MayaFlux/Vruta/Routine.hpp
/home/runner/work/MayaFlux/MayaFlux/src/MayaFlux/Vruta/Scheduler.hpp:55: warning: argument 'sample_rate' of command @param is not found in the argument list of MayaFlux::Vruta::TaskScheduler::TaskScheduler(uint32_t default_sample_rate=48000, uint32_t default_frame_rate=60)
/home/runner/work/MayaFlux/MayaFlux/src/MayaFlux/Vruta/Scheduler.hpp:55: warning: The following parameters of MayaFlux::Vruta::TaskScheduler::TaskScheduler(uint32_t default_sample_rate=48000, uint32_t default_frame_rate=60) are not documented:
  parameter 'default_sample_rate'
  parameter 'default_frame_rate'
/home/runner/work/MayaFlux/MayaFlux/src/MayaFlux/Yantra/Data/StructureIntrospection.hpp:127: warning: The following parameter of MayaFlux::Yantra::infer_structure(const T &data, const std::shared_ptr< Kakshya::SignalSourceContainer > &container=nullptr) is not documented:
  parameter 'container'
/home/runner/work/MayaFlux/MayaFlux/src/MayaFlux/Yantra/ComputeOperation.hpp:115: warning: argument 'input' of command @param is not found in the argument list of MayaFlux::Yantra::ComputeOperation< InputType, OutputType >::validate_input(const input_type &) const
/home/runner/work/MayaFlux/MayaFlux/src/MayaFlux/Yantra/Transformers/ConvolutionTransformer.hpp:227: warning: argument 'data' of command @param is not found in the argument list of MayaFlux::Yantra::ConvolutionTransformer< InputType, OutputType >::create_output(const input_type &input)
/home/runner/work/MayaFlux/MayaFlux/src/MayaFlux/Yantra/Transformers/ConvolutionTransformer.hpp:227: warning: The following parameter of MayaFlux::Yantra::ConvolutionTransformer::create_output(const input_type &input) is not documented:
  parameter 'input'
/home/runner/work/MayaFlux/MayaFlux/src/MayaFlux/Yantra/Transformers/MathematicalTransformer.hpp:269: warning: argument 'data' of command @param is not found in the argument list of MayaFlux::Yantra::MathematicalTransformer< InputType, OutputType >::create_output(const input_type &input)
/home/runner/work/MayaFlux/MayaFlux/src/MayaFlux/Yantra/Transformers/MathematicalTransformer.hpp:269: warning: The following parameter of MayaFlux::Yantra::MathematicalTransformer::create_output(const input_type &input) is not documented:
  parameter 'input'
/home/runner/work/MayaFlux/MayaFlux/src/MayaFlux/Yantra/OperationSpec/OperationHelper.hpp:614: warning: argument 'compute_data' of command @param is not found in the argument list of MayaFlux::Yantra::OperationHelper::create_eigen_matrix(const std::vector< std::vector< T > > &columns)
/home/runner/work/MayaFlux/MayaFlux/src/MayaFlux/Yantra/OperationSpec/OperationHelper.hpp:614: warning: The following parameter of MayaFlux::Yantra::OperationHelper::create_eigen_matrix(const std::vector< std::vector< T > > &columns) is not documented:
  parameter 'columns'
/home/runner/work/MayaFlux/MayaFlux/src/MayaFlux/Yantra/OperationSpec/OperationHelper.hpp:556: warning: argument 'compute_data' of command @param is not found in the argument list of MayaFlux::Yantra::OperationHelper::extract_from_eigen_matrix(const EigenMatrix &matrix)
/home/runner/work/MayaFlux/MayaFlux/src/MayaFlux/Yantra/OperationSpec/OperationHelper.hpp:556: warning: The following parameter of MayaFlux::Yantra::OperationHelper::extract_from_eigen_matrix(const EigenMatrix &matrix) is not documented:
  parameter 'matrix'
/home/runner/work/MayaFlux/MayaFlux/src/MayaFlux/Yantra/OperationSpec/OperationHelper.hpp:88: warning: The following parameter of MayaFlux::Yantra::OperationHelper::extract_numeric_data(const T &compute_data, bool needs_processig=false) is not documented:
  parameter 'needs_processig'
/home/runner/work/MayaFlux/MayaFlux/src/MayaFlux/Yantra/OperationSpec/OperationHelper.hpp:684: warning: argument 'compute_data' of command @param is not found in the argument list of MayaFlux::Yantra::OperationHelper::recreate_eigen_matrix(const std::vector< std::span< const double > > &spans, const DataStructureInfo &structure_info)
/home/runner/work/MayaFlux/MayaFlux/src/MayaFlux/Yantra/OperationSpec/OperationHelper.hpp:684: warning: argument 'container' of command @param is not found in the argument list of MayaFlux::Yantra::OperationHelper::recreate_eigen_matrix(const std::vector< std::span< const double > > &spans, const DataStructureInfo &structure_info)
/home/runner/work/MayaFlux/MayaFlux/src/MayaFlux/Yantra/OperationSpec/OperationHelper.hpp:684: warning: The following parameters of MayaFlux::Yantra::OperationHelper::recreate_eigen_matrix(const std::vector< std::span< const double > > &spans, const DataStructureInfo &structure_info) are not documented:
  parameter 'spans'
  parameter 'structure_info'
/home/runner/work/MayaFlux/MayaFlux/src/MayaFlux/Yantra/OperationSpec/OperationHelper.hpp:673: warning: argument 'compute_data' of command @param is not found in the argument list of MayaFlux::Yantra::OperationHelper::recreate_eigen_matrix(const std::vector< std::vector< double > > &columns, const DataStructureInfo &structure_info)
/home/runner/work/MayaFlux/MayaFlux/src/MayaFlux/Yantra/OperationSpec/OperationHelper.hpp:673: warning: argument 'container' of command @param is not found in the argument list of MayaFlux::Yantra::OperationHelper::recreate_eigen_matrix(const std::vector< std::vector< double > > &columns, const DataStructureInfo &structure_info)
/home/runner/work/MayaFlux/MayaFlux/src/MayaFlux/Yantra/OperationSpec/OperationHelper.hpp:673: warning: The following parameters of MayaFlux::Yantra::OperationHelper::recreate_eigen_matrix(const std::vector< std::vector< double > > &columns, const DataStructureInfo &structure_info) are not documented:
  parameter 'columns'
  parameter 'structure_info'
/home/runner/work/MayaFlux/MayaFlux/src/MayaFlux/Yantra/Executors/ShaderExecutionContext.hpp:185: warning: argument 'binding' of command @param is not found in the argument list of MayaFlux::Yantra::ShaderExecutionContext< InputType, OutputType >::in_out(GpuBufferBinding::ElementType type=GpuBufferBinding::ElementType::FLOAT32)
/home/runner/work/MayaFlux/MayaFlux/src/MayaFlux/Yantra/Executors/ShaderExecutionContext.hpp:162: warning: The following parameter of MayaFlux::Yantra::ShaderExecutionContext::in_out(uint32_t binding, GpuBufferBinding::ElementType type=GpuBufferBinding::ElementType::FLOAT32) is not documented:
  parameter 'binding'
/home/runner/work/MayaFlux/MayaFlux/src/MayaFlux/Yantra/Transformers/SpectralTransformer.hpp:253: warning: argument 'data' of command @param is not found in the argument list of MayaFlux::Yantra::SpectralTransformer< InputType, OutputType >::create_output(const input_type &input)
/home/runner/work/MayaFlux/MayaFlux/src/MayaFlux/Yantra/Transformers/SpectralTransformer.hpp:253: warning: The following parameter of MayaFlux::Yantra::SpectralTransformer::create_output(const input_type &input) is not documented:
  parameter 'input'
/home/runner/work/MayaFlux/MayaFlux/src/MayaFlux/Yantra/Analyzers/StatisticalAnalyzer.hpp:458: warning: argument 'type_info' of command @param is not found in the argument list of MayaFlux::Yantra::StatisticalAnalyzer< InputType, OutputType >::get_methods_for_type_impl(std::type_index) const
/home/runner/work/MayaFlux/MayaFlux/src/MayaFlux/Yantra/Transformers/TemporalTransformer.hpp:247: warning: argument 'data' of command @param is not found in the argument list of MayaFlux::Yantra::TemporalTransformer< InputType, OutputType >::create_output(const input_type &input)
/home/runner/work/MayaFlux/MayaFlux/src/MayaFlux/Yantra/Transformers/TemporalTransformer.hpp:247: warning: The following parameter of MayaFlux::Yantra::TemporalTransformer::create_output(const input_type &input) is not documented:
  parameter 'input'
/home/runner/work/MayaFlux/MayaFlux/docs/Getting_Started.md:58: warning: unable to resolve reference to 'program-structure' for \ref command
